-- phpMyAdmin SQL Dump
-- version 5.2.1
-- https://www.phpmyadmin.net/
--
-- Хост: 127.0.0.1:3306
-- Время создания: Дек 18 2024 г., 13:50
-- Версия сервера: 8.3.0
-- Версия PHP: 8.1.2-1ubuntu2.20

SET SQL_MODE = "NO_AUTO_VALUE_ON_ZERO";
START TRANSACTION;
SET time_zone = "+00:00";


/*!40101 SET @OLD_CHARACTER_SET_CLIENT=@@CHARACTER_SET_CLIENT */;
/*!40101 SET @OLD_CHARACTER_SET_RESULTS=@@CHARACTER_SET_RESULTS */;
/*!40101 SET @OLD_COLLATION_CONNECTION=@@COLLATION_CONNECTION */;
/*!40101 SET NAMES utf8mb4 */;

--
-- База данных: `mirastom`
--

-- --------------------------------------------------------

--
-- Структура таблицы `actions`
--

CREATE TABLE `actions` (
  `id` int NOT NULL,
  `title` varchar(255) NOT NULL,
  `info` text NOT NULL,
  `image` json NOT NULL,
  `checked` tinyint(1) DEFAULT '0',
  `timestamp` timestamp NULL DEFAULT CURRENT_TIMESTAMP
) ENGINE=InnoDB DEFAULT CHARSET=utf8mb4 COLLATE=utf8mb4_0900_ai_ci;

--
-- Дамп данных таблицы `actions`
--

INSERT INTO `actions` (`id`, `title`, `info`, `image`, `checked`, `timestamp`) VALUES
(3, 'Скидка 50% на профгигиену полости рта', 'Дорогие друзья, наша стоматология «Мирастом» проводит акцию. В рамках которой ЛЮБОЙ, абсолютно ЛЮБОЙ человек гарантированно получит скидку 50% на комплексную профгигиену полости рта.', '[{\"url\": \"https://res.cloudinary.com/dlr2olc8r/image/upload/v1697280928/test/ardn4nyyh7cjgt05amis.png\", \"public_id\": \"test/ardn4nyyh7cjgt05amis\"}]', 0, '2024-09-30 10:19:14'),
(4, 'Бесплатная онлайн-видеоконсультация со стоматологом', 'Стоматология «Мирастом» начала проводить безконтактные онлайн-видеоконсультации. Стоимость консультации у наших специалистов 0 рублей, за исключением ортодонта.', '[]', 0, '2024-09-30 10:19:30');

-- --------------------------------------------------------

--
-- Структура таблицы `articles`
--

CREATE TABLE `articles` (
  `id` int NOT NULL,
  `header` varchar(255) NOT NULL,
  `content` text NOT NULL,
  `image` json NOT NULL,
  `checked` tinyint(1) DEFAULT '0',
  `timestamp` timestamp NULL DEFAULT CURRENT_TIMESTAMP
) ENGINE=InnoDB DEFAULT CHARSET=utf8mb4 COLLATE=utf8mb4_0900_ai_ci;

--
-- Дамп данных таблицы `articles`
--

INSERT INTO `articles` (`id`, `header`, `content`, `image`, `checked`, `timestamp`) VALUES
(1, 'Как подготовиться к посещению стоматолога', '\r\nПосещение стоматолога может вызывать у многих людей беспокойство. Однако правильная подготовка поможет вам чувствовать себя увереннее и сделать визит более комфортным. Вот несколько советов о том, как подготовиться к посещению стоматолога.\r\n*1. Запишитесь на прием заранее.\r\nУбедитесь, что вы записались на прием к стоматологу заранее. Это позволит вам выбрать удобное время и избежать длительного ожидания. Если вы посещаете стоматолога впервые, уточните необходимые документы и информацию.\r\n*2. Соберите медицинскую историю.\r\nПеред визитом соберите информацию о вашей медицинской истории. Убедитесь, что вы знаете все лекарства, которые принимаете, и любые аллергии, которые у вас есть. Это поможет стоматологу лучше понять вашу ситуацию и избежать возможных осложнений.\r\n*3. Подготовьте вопросы.\r\nЕсли у вас есть вопросы о состоянии ваших зубов, процедурах или уходе за полостью рта, запишите их. Это поможет вам не забыть задать важные вопросы во время приема.\r\n*4. Чистите зубы перед визитом.\r\nПеред посещением стоматолога обязательно почистите зубы и используйте зубную нить. Это не только улучшит гигиену полости рта, но и создаст положительное впечатление у стоматолога.\r\n*5. Расслабьтесь и дышите глубоко.\r\nЕсли вы испытываете тревогу перед посещением стоматолога, попробуйте расслабиться. Глубокое дыхание и позитивные мысли помогут вам снизить уровень стресса. Вы можете также взять с собой наушники и слушать любимую музыку, чтобы отвлечься.\r\n*6. Обсудите возможные процедуры.\r\nЕсли у вас есть опасения по поводу определенных процедур, обсудите их с вашим стоматологом. Понимание того, что будет происходить, поможет вам чувствовать себя более уверенно.\r\n*7. Убедитесь, что у вас есть средства связи.\r\nЕсли вы планируете использовать анестезию или другие процедуры, которые могут повлиять на вашу способность управлять автомобилем, убедитесь, что у вас есть кто-то, кто сможет вас отвезти домой.\r\n*8. Следуйте рекомендациям стоматолога.\r\nПосле визита стоматолога обязательно следуйте его рекомендациям по уходу за полостью рта. Это поможет избежать проблем в будущем и поддерживать здоровье зубов.', '[{\"url\": \"https://i.postimg.cc/pVFQrmhQ/Screenshot-29.png\", \"public_id\": \"test/ylqnjhil3egbb0sifh0v\"}]', 0, '2023-12-13 07:02:42'),
(2, 'Плюсы и минусы анастезии', 'Посещение стоматолога часто связано с необходимостью проведения различных процедур, которые могут вызывать дискомфорт или боль. В таких случаях стоматологи применяют анестезию, чтобы сделать процесс более комфортным для пациента. Однако, как и любая медицинская процедура, анестезия имеет свои плюсы и минусы. Рассмотрим их подробнее.\r\n*Плюсы анестезии:\r\n*1. Обезболивание.\r\nГлавным преимуществом анестезии является возможность полностью устранить болевые ощущения. Это особенно важно при проведении инвазивных процедур, таких как удаление зубов, пломбирование или лечение корней.\r\n*2. Снижение тревожности.\r\nДля многих пациентов стоматологические процедуры вызывают страх и тревогу. Анестезия помогает расслабиться и сосредоточиться на процессе лечения, не отвлекаясь на болезненные ощущения.\r\n*3. Более эффективное лечение.\r\nС анестезией стоматолог может более эффективно и быстро проводить процедуры, так как пациенты не испытывают боли и могут оставаться неподвижными.\r\n*4. Возможность проведения сложных. манипуляций\r\nВ случаях, когда требуется длительное или сложное лечение, анестезия позволяет стоматологу провести все необходимые манипуляции за одну процедуру, избегая необходимости повторных визитов.\r\n*Минусы анестезии:\r\n*1. Возможные побочные эффекты.\r\nХотя анестезия считается безопасной, у некоторых пациентов могут возникнуть побочные эффекты, такие как аллергические реакции, головокружение, тошнота или сонливость.\r\n*2. Риски и осложнения.\r\nВ редких случаях анестезия может привести к более серьезным осложнениям, включая повреждение нервов, инфекцию или проблемы с дыханием. Поэтому важно, чтобы анестезия проводилась квалифицированным специалистом.\r\n*3. Восстановительный период.\r\nПосле применения анестезии пациенты могут испытывать временные ограничения, такие как онемение в области рта или затруднения с жеванием. Это может помешать нормальному функционированию на некоторое время.\r\n*4. Дополнительные затраты.\r\nНекоторые виды анестезии могут увеличить общую стоимость стоматологических процедур. Это следует учитывать при планировании бюджета на лечение.\r\nАнестезия при посещении стоматолога имеет как свои преимущества, так и недостатки. Она помогает сделать процедуры более комфортными и безболезненными, однако может привести к побочным эффектам и дополнительным затратам. Перед принятием решения о применении анестезии важно обсудить все возможные варианты с вашим стоматологом, чтобы выбрать наилучший подход для вашего случая. Регулярные визиты к стоматологу и тщательный уход за полостью рта помогут избежать сложных процедур и необходимости в анестезии.', '[{\"url\": \"https://i.postimg.cc/MKZyDd35/Screenshot-10.png\", \"public_id\": \"test/knxb3t7anfm0oxgwehxh\"}]', 0, '2023-12-13 07:03:29'),
(3, 'Профилактика кариеса', 'Кариес — это одно из самых распространенных стоматологических заболеваний, которое может привести к разрушению зубов и серьезным проблемам со здоровьем. Однако кариес можно предотвратить, следуя простым рекомендациям по уходу за полостью рта. В этой статье мы рассмотрим основные методы профилактики кариеса.\r\n*1. Регулярная гигиена полости рта.\r\n*Чистка зубов.\r\nЧистите зубы минимум два раза в день с использованием фторсодержащей зубной пасты. Это помогает удалить налет и предотвратить образование кариеса. Не забывайте чистить зубы не менее двух минут, уделяя внимание каждой поверхности.\r\n*Использование зубной нити.\r\nЗубная нить помогает удалить остатки пищи и налет между зубами, где щетка не всегда может достать. Используйте зубную нить хотя бы раз в день, чтобы поддерживать чистоту межзубных пространств.\r\n*Полоскания.\r\nПосле чистки зубов используйте антисептические ополаскиватели для полости рта. Они помогают устранить бактерии и освежают дыхание.\r\n*2. Правильное питание.\r\n*Ограничение сахара.\r\nСократите потребление сладких продуктов и напитков. Сахар способствует размножению бактерий, которые вызывают кариес. Если вы все же решили побаловать себя сладостями, старайтесь делать это в качестве десерта и сразу же чистите зубы после.\r\n*Употребление полезных продуктов.\r\nВключайте в рацион больше фруктов, овощей, молочных продуктов и орехов. Эти продукты укрепляют зубы и способствуют их здоровью.\r\n*Вода и фтор.\r\nПейте достаточное количество воды, особенно если она содержит фтор. Он помогает укрепить зубную эмаль и предотвратить кариес.\r\n*3. Регулярные визиты к стоматологу.\r\nНе забывайте о регулярных осмотрах у стоматолога. Рекомендуется посещать стоматолога не реже двух раз в год для профессиональной чистки зубов и выявления проблем на ранних стадиях.\r\n*4. Использование фторидов.\r\nФториды помогают укрепить зубную эмаль. Вы можете использовать фторсодержащие зубные пасты, а также рассмотреть возможность применения фторидных гелей или ополаскивателей по рекомендации стоматолога.\r\n*5. Защита зубов.\r\nSealants (герметики)\r\nГерметики — это защитные покрытия, которые наносятся на жевательные поверхности задних зубов, чтобы предотвратить накопление пищи и налета. Они особенно рекомендуются для детей и подростков.\r\nЕсли у вас есть проблемы с прикусом, это может затруднить чистку зубов. Ортодонтическое лечение поможет исправить прикус и улучшить доступ к зубам для гигиенических процедур.\r\nПрофилактика кариеса — это важная часть заботы о здоровье полости рта. Соблюдение правил гигиены, правильное питание и регулярные визиты к стоматологу помогут вам сохранить зубы здоровыми на долгие годы. Помните, что здоровье зубов — это залог вашего общего благополучия!', '[{\"url\": \"https://i.postimg.cc/vDFPrcBd/Screenshot-36.png\", \"public_id\": \"test/lv0ku4sgfl2akwwoutj7\"}]', 0, '2023-12-13 07:05:31'),
(4, 'Выбирайте зубную пасту правильно!', 'Зубная паста — это неотъемлемая часть ежедневной гигиены полости рта. Правильный выбор зубной пасты может существенно повлиять на здоровье зубов и десен. В этой статье мы расскажем, на что стоит обратить внимание при выборе зубной пасты.\r\n*1. Фтор.\r\nЗачем нужен фтор?\r\nФтор — это минерал, который помогает укреплять зубную эмаль и предотвращать кариес. Он делает зубы более устойчивыми к воздействию кислоты, производимой бактериями. Если у вас есть склонность к кариесу, выбирайте пасту с фтором.\r\n*Как выбрать?\r\nОбратите внимание на содержание фтора в зубной пасте. Обычно это значение указано на упаковке. Для взрослых рекомендовано 1000–1500 ppm (частей на миллион). Для детей существуют специальные пасты с меньшим содержанием фтора.\r\n*2. Тип зубной пасты.\r\nПасты для чувствительных зубов\r\nЕсли вы страдаете от повышенной чувствительности зубов, выбирайте пасту, специально разработанную для этой проблемы. Она содержит ингредиенты, которые помогают снизить чувствительность и укрепить эмаль.\r\n*Пасты для отбеливания.\r\nЕсли вы хотите осветлить цвет зубов, обратите внимание на отбеливающие пасты. Они содержат специальные абразивные компоненты и химические вещества, которые помогают удалять пятна. Однако будьте осторожны с частотой использования — слишком частое применение может повредить эмаль.\r\n*Защитные пасты.\r\nПасты, содержащие ингредиенты для защиты десен и предотвращения гингивита, могут быть полезны для поддержания здоровья десен.\r\n*3. Состав.\r\nИзбегайте вредных ингредиентов\r\nНекоторые зубные пасты могут содержать агрессивные химические вещества, такие как триклозан или лаурилсульфат натрия. Обратите внимание на состав и старайтесь выбирать пасты с минимальным количеством искусственных добавок и консервантов.\r\n*Натуральные пасты.\r\nЕсли вы предпочитаете натуральные продукты, существует множество зубных паст на основе растительных экстрактов и масла. Они могут содержать такие компоненты, как кокосовое масло, экстракты мяты, алоэ вера и другие.\r\n*4. Удобство использования.\r\n*Вкус и текстура.\r\nВыбор вкуса зубной пасты — это личное предпочтение. Однако важно, чтобы паста вам нравилась, так как это поможет сделать процесс чистки зубов более приятным и регулярным.\r\n*Упаковка.\r\nНекоторые зубные пасты имеют удобные упаковки с дозаторами или тюбиками, которые легко сжимаются. Это может сделать использование более комфортным.\r\n*5. Консультация со стоматологом.\r\nЕсли у вас есть сомнения по поводу выбора зубной пасты, не стесняйтесь проконсультироваться со стоматологом. Он поможет вам выбрать наиболее подходящий вариант, основываясь на ваших индивидуальных потребностях и состоянии здоровья зубов.\r\nВыбор зубной пасты — это важный шаг к поддержанию здоровья полости рта. Обратите внимание на содержание фтора, тип пасты и ее состав. Правильная зубная паста поможет вам эффективно ухаживать за зубами и предотвратить множество стоматологических проблем. Заботьтесь о своем улыбке, и она ответит вам здоровьем и красотой!', '[{\"url\": \"https://i.postimg.cc/GpD7CXCY/Screenshot-6.png\", \"public_id\": \"test/jqsilgdj6go89565dxx8\"}]', 0, '2023-12-13 07:06:12'),
(5, 'Правильно выбрать зубную щетку', 'Выбор зубной щетки — это важный шаг на пути к здоровью зубов и десен. Правильная щетка поможет улучшить качество чистки и предотвратить многие стоматологические проблемы. В этой статье мы рассмотрим основные аспекты, на которые стоит обратить внимание при выборе зубной щетки.\r\n*1. Тип зубной щетки.\r\n*Ручные щетки.\r\nРучные зубные щетки — это классический вариант, который доступен в различных формах и размерах. Они не требуют батареек или зарядки, что делает их удобными в использовании.\r\n*Электрические щетки.\r\nЭлектрические зубные щетки могут обеспечить более эффективную очистку благодаря высокочастотным движениям. Они подходят для людей с ограниченными возможностями, а также для тех, кто хочет улучшить качество чистки. Многие модели имеют таймеры и датчики давления, что помогает избежать чрезмерного давления на зубы и десны.\r\n*2. Жесткость щетины.\r\nМягкая, средняя и жесткая щетина\r\nВыбор жесткости щетины зависит от ваших индивидуальных потребностей:\r\n*Мягкая щетина: \r\nрекомендуется для людей с чувствительными зубами и деснами, а также после стоматологических процедур.\r\n*Средняя щетина: \r\nподходит для большинства людей, обеспечивая хорошую очистку без повреждения десен.\r\n*Жесткая щетина: \r\nможет быть эффективной для удаления налета, но не рекомендуется для постоянного использования, так как может повредить эмаль и десны.\r\n*3. Форма и размер головки.\r\n*Головка щетки.\r\nВыбирайте щетку с головкой, которая удобно помещается в вашем рту и позволяет добраться до труднодоступных мест. Для большинства людей оптимальным вариантом является головка среднего размера.\r\n*Ручка.\r\nУдобная ручка — это еще один важный аспект. Она должна быть удобной для захвата и не скользить в руках. Некоторые щетки имеют резиновые вставки для лучшего сцепления.\r\n*4. Дополнительные функции.\r\n*Индикаторы.\r\nНекоторые зубные щетки имеют индикаторы износа, которые меняют цвет, когда щетина начинает изнашиваться. Это поможет вам вовремя заменить щетку.\r\n*Антибактериальные покрытия.\r\nНекоторые модели оснащены антибактериальными покрытиями, которые помогают предотвращать рост бактерий на щетине.\r\n*5. Размер и возраст.\r\n*Для детей.\r\nДля детей существуют специальные детские зубные щетки с яркими дизайнами и удобными размерами. Обратите внимание на щетки, которые подходят для возраста вашего ребенка.\r\n*Для взрослых.\r\nДля взрослых щетки могут варьироваться в размерах и жесткости, позволяя выбрать наиболее подходящий вариант для каждого конкретного случая.\r\n*6. Рекомендации стоматолога.\r\nНе забывайте консультироваться со стоматологом о выборе зубной щетки. Он поможет вам определить, какая щетка лучше всего подходит для ваших индивидуальных потребностей и состояния зубов.\r\nПравильный выбор зубной щетки — это важный шаг для поддержания здоровья полости рта. Обратите внимание на тип щетки, жесткость щетины, форму и дополнительные функции. Регулярная замена зубной щетки (каждые 3-4 месяца) также способствует эффективной гигиене. Заботьтесь о своей улыбке, и она ответит вам здоровьем и красотой!', '[{\"url\": \"https://i.postimg.cc/gkcTZyVF/Screenshot-7.png\", \"public_id\": \"test/blt79z8jcv79am8sprra\"}]', 0, '2023-12-13 07:07:07'),
(6, 'Процедура \"Зубы за день\"', 'Доктора из нашей команды в клинике \"Мирастом\" производят стоматологическую процедуру \"Зубы за день\" с 2023 года. Данная процедура является - инновационным подхода к лечению, позволяющим за один сеанс заменять пораженные или отсутствующие зубы красивыми естественно выглядящими имплантатами. \r\nПроцедура \"зубы за день\" является минимально инвазивной, требующей установки меньшего количества имплантов и, как правило, проводящейся без трансплантации костных тканей. За счет перечисленных факторов существенно сокращается время заживления и быстрее улучшается качество жизни пациентов, по сравнению с результатами традиционной имплантации зубов.\r\nТак, при имплантации зубов традиционными методами от 6 до 12 месяцев может потребоваться для вживления штыря импланта в кость челюсти. Пациенты в этот промежуток времени вынуждены носить съемные зубные протезы.\r\nВ современном мире темп жизни становится с каждым днем все быстрее и быстрее. Целесообразность проведения стоматологической процедуры, которая растянется на год-полтора, закономерно ставится пациентами под вопрос. Поэтому в нашей клинике мы предлагаем услугу по методике \"зубы за день\", способную восстановить зубы и красивую здоровую улыбку наших клиентов всего за один визит. \r\nПосле операции пациенты отправятся домой с установленными и полностью функциональными зубными имплантами.', '[{\"url\": \"https://res.cloudinary.com/dlr2olc8r/image/upload/v1714059421/test/wimr1xr7mmgzzcdcxot1.png\", \"public_id\": \"test/wimr1xr7mmgzzcdcxot1\"}]', 0, '2024-04-26 06:48:15'),
(7, 'Процедура All-on-4', 'Процедура имплантации зубов \"All-on-4\", выполняемая в клинике \"Мирастом\", является результатом прорыва в развитии стоматологических технологий. Эта методика позволяет нам восстанавливать целые ряды утерянных или поврежденных зубов за один визит в клинику. \r\nДанная техника была разработана доктором Мало и компанией Nobel Biocare с целью немедленной имплантации полного зубного ряда без костной пластики. \r\nЭто достойная альтернатива установке съемных зубных протезов. Как следует из названия, методика предполагает установку только четырех зубных имплантатов для крепления к ним целого ряда постоянных зубов. \r\nДля сравнения, традиционные методы обычно используют от шести до десяти имплантатов для крепления мостовидного протеза на имплантах. Как результат, восстановление зубов по методике \"All-on-4\" обходится дешевле, но не только из-за меньшего количества имплантов. К дополнительному удешевлению процедуры приводит также отсутствие необходимости в костной пластике (трансплантации костных тканей).\r\nКак происходит имплантация зубов по методике \"All-on-4В\" данной процедуре используются так называемые \"наклонные импланты\". Четыре титановых штыря располагают стратегически под углом в 45 градусов. Наклон штырей обусловлен двумя причинами. \r\nВо-первых, это увеличивает прочность и стабильность всей конструкции. \r\nВо-вторых, это позволяет избежать повреждений пазухов носа рядом с верхней челюстью и нервного канала в нижней челюсти. Наклон позволяет лучше закрепить импланты в кости челюсти. Также в нашей клинике для данной процедуры используются более длинные зубные импланты, снижающие необходимость в костной пластике. Поясним, что костная пластика практикуется для наращивания костных тканей челюсти, чтобы обеспечить лучшую поддержку для зубных имплантов.', '[{\"url\": \"https://res.cloudinary.com/dlr2olc8r/image/upload/v1714060476/test/a13vbjpoex9r9sgelejt.png\", \"public_id\": \"test/a13vbjpoex9r9sgelejt\"}]', 0, '2024-04-26 06:48:58'),
(8, 'Зубные импланты', 'Знаете ли вы, что у 70% взрослых отсутствует минимум один постоянный зуб?\r\nСогласно данным Американской Ассоциации Оральных и Челюстно-лицевых Хирургов, более 25% взрослых населения планеты старше 60 лет потеряли все свои постоянные естественные зубы. Отсутствие зубов заметно осложняет жизнь человека, так как ему становится сложнее выполнять ранее казавшиеся простыми действия: жевать, говорить и улыбаться. \r\nХорошая новость заключается в том, что имплантация зубов, в большинстве случаев, является оптимальным решением для замены ваших утерянных или удаленных естественных зубов.  \r\nЗубные импланты крепкие, надежные и выглядят как настоящие зубы. При надлежащем уходе могут прослужить долгие годы. Установка зубных имплантатов требует специфических навыков и узкоспециализированного стоматологического образования наряду с наличием самого современного стоматологического оборудования.\r\n*Что представляют собой зубные импланты?\r\nКак правило, все зубные импланты включают в свой состав титановые штыри, которые хирургическим способом внедряются в кость челюсти под утерянными или удаленными зубами. На эти титановые штыри крепятся различные зубные протезы: зубные коронки, мосты или наборы зубных протезов.\r\nНесмотря на то, что в мире существует большое количество производителей имплантатов, наша клиника предпочитает использовать продукцию компании Nobel Biocare, являющейся лидером в области имплантологии с тремя десятилетиями исследований в данной сфере. Их технология не имеет аналогов, а созданные с использованием компьютерного моделирования мосты на имплантах, абатменты и коронки заслужили во всем мире отличную репутацию своими невероятно естественным внешним видом и точностью изготовления по размеру и форме.\r\n*Процесс имплантации зубов.\r\nБольшинство случаев имплантации зубов включают в себя три этапа. \r\nНа первом этапе, во время внутриротовой хирургической операции, в кость челюсти имплантируется титановый штырь. \r\nНа втором этапе, когда полностью зажила область вокруг внедренного штыря импланта, а кость наросла на штырь, врачи устанавливают абатмент. \r\nНа третьем этапе на абатмент сверху накручивается искусственный зуб в виде одиночной коронки, моста или набора зубных протезов.  В результате пациент получает естественно выглядящий зубной имплант, который по ощущениям похож на настоящий зуб. \r\n*Замена одного отсутствующего зуба одиночным имплантом. \r\nДля замены одного отсутствующего зуба устанавливается одиночный зубной имплант, на который крепится коронка. Эта процедура не затрагивает соседние зубы, в отличие от установки зубных мостов. Пока имплант приживается в десне после операции, на месте отсутствующего зуба помещается временная коронка. Постоянная коронка устанавливается сверху абатмента - вживленного зубного импланта через 3-6 месяцев. \r\n*Установка целого ряда зубных имплантов.\r\nКогда нужно заменить большое количество подряд идущих отсутствующих зубов, мы используем установку единичных имплантов, мост на имплантах или, в зависимости от конкретной ситуации, набор зубных протезов. Процесс протезирования целого ряда зубных имплантов аналогичен процессу имплантации единичным имплантатом. Протезирование целого ряда зубов включает в себя восстановление их естественного внешнего вида и функционала. \r\nДля вставки всех зубов верхней или нижней челюсти потребуется от четырех до десяти имплантов, которые будут размещены в челюсти в зависимости от дизайна мостовидного протеза. \r\nНа дизайн протеза влияют следующие факторы: состояние здоровья зубов и ротовой полости пациента, пожелания/предпочтения клиента, цель лечения и бюджет. Процедура немедленной имплантации зубного моста позволяет восстановить функции и внешний вид зубов пациента быстрее, чем при использовании съемных зубных протезов.', '[{\"url\": \"https://res.cloudinary.com/dlr2olc8r/image/upload/v1714061073/test/vxsnp8q6bpboum5yarmy.png\", \"public_id\": \"test/vxsnp8q6bpboum5yarmy\"}]', 0, '2024-04-26 06:49:36'),
(9, 'Преображение улыбки', 'Услуга \"Преображение улыбки\", предлагаемая клиентам в витебском офисе клиники \"Мирастом\", не является конкретной процедурой или набором стоматологических процедур, как таковых. Это скорее эстетический подход к лечению зубов: сначала определить, какие процедуры мы можем предложить, чтобы сделать вас выглядящими моложе и более уверенными в себе; \r\nкакие уже существующие проблемы с внешним видом зубов требуют скорейшего решения. \r\nА потом воплотить сформулированные идеи в реальность. \r\nКоманда клиники , прошла великолепную подготовку для проведения современных инновационных стоматологических процедур: лечения по методике \"All-on-4\", комплексной имплантации зубов, хирургии десен и продвинутой восстановительной стоматологии. Другими процедурами косметической стоматологии, которые предлагаются клиентам  являются установка элайнеров Invisalign (\"невидимых брекетов\", применяемых для коррекции прикуса зубов), отбеливание зубов по технологии Zoom и даже инъекции ботокса для разглаживания морщин на лице. Вы всегда можете прийти к нам в клинику на бесплатную консультацию. Обычно мы уделяем около часа на обсуждение различных вариантов лечения ваших зубов, делаем рентгеновские снимки, отвечаем на ваши вопросы. \r\nК концу консультации мы предложим вам план лечения, который будет включать описание всех этапов и процедур, а также смету. \r\nМы настоятельно рекомендуем людям разобраться как можно глубже в нюансах лечения, обдумать альтернативные варианты, плюсы и минусы нашего предложения. Мы заинтересованы в хорошо информированных клиентах, которые осознанно делают свой выбор.', '[{\"url\": \"https://i.postimg.cc/HkcT11PL/Screenshot-30.png\", \"public_id\": \"test/wtcfx02s4iqt96vzkdhn\"}]', 0, '2024-04-26 06:50:13'),
(10, 'Особенности детской стоматологии', 'В современной медицине детская стоматология является отдельным направлением. Она включает профилактику и лечение не только прорезавшихся молочных зубов, но и их зачатков.\r\nСпециалист также занимается заболеваниями и аномалиями полости рта. Стоматолог — работающий с детьми, должен иметь не только профессиональные знания и навыки, но и знать особенности психологии детей разного возраста. Наши стоматологи обладают умением найти подход к ребенку, вызвать доверие и проводить прием так, чтобы ребенок не получил психологическую травму.\r\n*В чем разница между детской стоматологией и взрослой? \r\nПо своему анатомическому строению, развивающаяся зубочелюстная система у детей имеет отличия от сформированных зубов взрослого человека. Именно этим объясняются особенности протекания стоматологических болезней и способов их лечения.\r\nВ самом стоматологическом лечении тоже выделяют ряд особенностей.\r\nНеобходимость быстроты работы врача. Маленькие дети физически не способны долго сидеть спокойно и тем, более держать рот открытым. Продолжительность лечения зубов у ребенка 3–5 лет составляет 10–15 минут. При необходимости продолжительной процедуры лечение может проводиться в несколько приемов или с применением седации.\r\n*Применение препаратов и материалов.\r\nЛечение зубов у детей может предполагать использование лекарств, реставрационных материалов и анестезии. Стоматолог всегда перед началом лечения должен убедиться в отсутствии рисков для здоровья малыша.\r\n*Выбор метода лечения. \r\nОдной из главных причин страхов ребенка перед стоматологическим лечением является бормашина. Современные клиники на ранней стадии кариеса могут применять щадящие методы терапии, не требующие препарирования эмали. Если все-таки необходимо использование бормашины, доктор должен правильно объяснить ребенку особенности работы устройства, необходимость и безопасность манипуляций.\r\nЕщё разница между детской и взрослой стоматологией заключается не только в процессе лечения и подходе к пациенту, но и в обустройстве клиники. Клиника должна располагать ребенка, поэтому часто в интерьере используются такие маневры, как красочный дизайн, игровые комнаты, детские картинки, наличие телевизора для просмотра мультфильмов. В кабинете стоматолога так же соблюдается «детский» дизайн, могут присутствовать специальные игрушки и другие элементы. Маленькому пациенту должно быть комфортно и приятно находиться в стоматологии.\r\n*Анестезия в детской стоматологии.\r\nЛечение зубов у детей проводится с применением анестезии. Если процедура не предполагает серьезного вмешательства и сильных болевых ощущений, то используют аппликационную анестезию в виде спрея. При показаниях к более серьезным манипуляциям, стоматолог может сделать инъекционную анестезию, но предварительно обезболив место укола. Таким образом, удается максимально избавить ребенка от неприятных ощущений. В детской стоматологии при сложном лечении зубов или при наличии у ребенка определенных заболеваний применяется и метод лечения зубов «во сне» (седация). Это безопасный способ анестезии, позволяющий уберечь маленького пациента от стресса и рисков повреждений в процессе работы врача.', '[{\"url\": \"https://i.postimg.cc/6QC9t1kx/Screenshot-5.png\", \"public_id\": \"test/wtcfx02s4iqt96vzkdhn\"}]', 0, '2024-04-26 06:50:13');

-- --------------------------------------------------------

--
-- Структура таблицы `doctors`
--

CREATE TABLE `doctors` (
  `id` int NOT NULL,
  `sirname` varchar(255) NOT NULL,
  `fullname` varchar(255) NOT NULL,
  `avatar` json NOT NULL,
  `proff` varchar(255) NOT NULL,
  `description` text NOT NULL,
  `checked` tinyint(1) DEFAULT '0',
  `timestamp` timestamp NULL DEFAULT CURRENT_TIMESTAMP
) ENGINE=InnoDB DEFAULT CHARSET=utf8mb4 COLLATE=utf8mb4_0900_ai_ci;

--
-- Дамп данных таблицы `doctors`
--

INSERT INTO `doctors` (`id`, `sirname`, `fullname`, `avatar`, `proff`, `description`, `checked`, `timestamp`) VALUES
(1, 'Монетина', 'Виктория Викторовна', '[{\"url\": \"https://res.cloudinary.com/dlr2olc8r/image/upload/v1708522145/test/monetina_skhyx2.png\", \"public_id\": \"test/monetina_skhyx2\"}]', 'стоматолог-терапевт', '\r\nОбразование\r\n[Год] — [Название медицинского университета], специальность \"Стоматология\".\r\n[Год] — Интернатура по стоматологии, [Название учреждения].\r\nПрофессиональный опыт\r\n[Год] – [Год] — Врач-стоматолог, [Название клиники/больницы].\r\nОсновные обязанности: диагностика и лечение заболеваний полости рта, проведение профилактических осмотров, работа с пациентами разных возрастов.\r\n[Год] – [Год] — Врач-стоматолог, [Название клиники/больницы].\r\nСпециализация: терапевтическая стоматология, работа с современными методами лечения и профилактики.\r\nПовышение квалификации\r\n[Год] — Курс повышения квалификации по [Название курса или темы], [Название учебного заведения].\r\n[Год] — Участие в конференции/семинаре по [Тема], [Название мероприятия].\r\nСертификаты\r\nСертификат специалиста по стоматологии (первая категория).\r\nСертификаты по различным направлениям стоматологии (например, ортодонтия, имплантология).', 0, '2023-12-13 06:46:42'),
(2, 'Чебатарёва', 'Татьяна Ивановна', '[{\"url\": \"https://res.cloudinary.com/dlr2olc8r/image/upload/v1708522218/test/chebatareva_rr3cqg.png\", \"public_id\": \"test/chebatareva_rr3cqg\"}]', 'стоматолог-хирург', '\r\nОбразование\r\n[Год] — [Название медицинского университета], специальность \"Стоматология\".\r\n[Год] — Интернатура по стоматологии, [Название учреждения].\r\nПрофессиональный опыт\r\n[Год] – [Год] — Врач-стоматолог, [Название клиники/больницы].\r\nОсновные обязанности: диагностика и лечение заболеваний полости рта, проведение профилактических осмотров, работа с пациентами разных возрастов.\r\n[Год] – [Год] — Врач-стоматолог, [Название клиники/больницы].\r\nСпециализация: терапевтическая стоматология, работа с современными методами лечения и профилактики.\r\nПовышение квалификации\r\n[Год] — Курс повышения квалификации по [Название курса или темы], [Название учебного заведения].\r\n[Год] — Участие в конференции/семинаре по [Тема], [Название мероприятия].\r\nСертификаты\r\nСертификат специалиста по стоматологии (первая категория).\r\nСертификаты по различным направлениям стоматологии (например, ортодонтия, имплантология).', 0, '2023-12-13 06:47:49'),
(3, 'Милова', 'Екатерина Александровна', '[{\"url\": \"https://res.cloudinary.com/dlr2olc8r/image/upload/v1708522300/test/milova_mkakvc.png\", \"public_id\": \"test/milova_mkakvc\"}]', 'стоматолог-ортопед', '\r\nОбразование\r\n[Год] — [Название медицинского университета], специальность \"Стоматология\".\r\n[Год] — Интернатура по стоматологии, [Название учреждения].\r\nПрофессиональный опыт\r\n[Год] – [Год] — Врач-стоматолог, [Название клиники/больницы].\r\nОсновные обязанности: диагностика и лечение заболеваний полости рта, проведение профилактических осмотров, работа с пациентами разных возрастов.\r\n[Год] – [Год] — Врач-стоматолог, [Название клиники/больницы].\r\nСпециализация: терапевтическая стоматология, работа с современными методами лечения и профилактики.\r\nПовышение квалификации\r\n[Год] — Курс повышения квалификации по [Название курса или темы], [Название учебного заведения].\r\n[Год] — Участие в конференции/семинаре по [Тема], [Название мероприятия].\r\nСертификаты\r\nСертификат специалиста по стоматологии (первая категория).\r\nСертификаты по различным направлениям стоматологии (например, ортодонтия, имплантология).', 0, '2023-12-13 06:49:05'),
(4, 'Лекторова', 'Вероника Леонидовна', '[{\"url\": \"https://res.cloudinary.com/dlr2olc8r/image/upload/v1708522390/test/lektorova_milhkj.png\", \"public_id\": \"test/lektorova_milhkj\"}]', 'стоматолог-терапевт', '\r\nОбразование\r\n[Год] — [Название медицинского университета], специальность \"Стоматология\".\r\n[Год] — Интернатура по стоматологии, [Название учреждения].\r\nПрофессиональный опыт\r\n[Год] – [Год] — Врач-стоматолог, [Название клиники/больницы].\r\nОсновные обязанности: диагностика и лечение заболеваний полости рта, проведение профилактических осмотров, работа с пациентами разных возрастов.\r\n[Год] – [Год] — Врач-стоматолог, [Название клиники/больницы].\r\nСпециализация: терапевтическая стоматология, работа с современными методами лечения и профилактики.\r\nПовышение квалификации\r\n[Год] — Курс повышения квалификации по [Название курса или темы], [Название учебного заведения].\r\n[Год] — Участие в конференции/семинаре по [Тема], [Название мероприятия].\r\nСертификаты\r\nСертификат специалиста по стоматологии (первая категория).\r\nСертификаты по различным направлениям стоматологии (например, ортодонтия, имплантология).', 0, '2023-12-13 06:50:16');

-- --------------------------------------------------------

--
-- Структура таблицы `prices`
--

CREATE TABLE `prices` (
  `id` int NOT NULL,
  `title` varchar(255) NOT NULL,
  `price` int NOT NULL,
  `serviceId` int NOT NULL,
  `timestamp` timestamp NULL DEFAULT CURRENT_TIMESTAMP
) ENGINE=InnoDB DEFAULT CHARSET=utf8mb4 COLLATE=utf8mb4_0900_ai_ci;

-- --------------------------------------------------------

--
-- Структура таблицы `reviews`
--

CREATE TABLE `reviews` (
  `id` int NOT NULL,
  `name` varchar(255) NOT NULL,
  `comment` text NOT NULL,
  `avatar` varchar(255) DEFAULT NULL,
  `rating` int NOT NULL,
  `checked` tinyint(1) DEFAULT '0',
  `view` tinyint(1) DEFAULT '0',
  `timestamp` timestamp NULL DEFAULT CURRENT_TIMESTAMP
) ENGINE=InnoDB DEFAULT CHARSET=utf8mb4 COLLATE=utf8mb4_0900_ai_ci;

--
-- Дамп данных таблицы `reviews`
--

INSERT INTO `reviews` (`id`, `name`, `comment`, `avatar`, `rating`, `checked`, `view`, `timestamp`) VALUES
(8, 'Марина М', 'Лечим зубы только здесь всей семьёй уже много лет. Нравится качество работы, никогда не пытаются впарить ненужные процедуры, адекватные цены. Спасибо врачам.', 'woman', 5, 0, 1, '2024-09-02 08:01:39'),
(10, 'Верунчик', 'Спасибо доктору Монетиной В.В. за качественное лечение зубов. Вы наш семейный врач.\nВсе врачи и медсестры данной стоматологии высококвалифицированы.\nСпасибо за ваш труд.', 'woman', 5, 0, 1, '2024-08-06 08:02:55'),
(11, 'Яна', 'Отличная стоматология, персонал очень квалифицированный работает,спасибо огромное за лечение зуба доктору Лекторовой В.Л.', 'woman', 5, 0, 1, '2024-07-11 08:04:06'),
(12, ' Иван Сорокин', 'Работают профессионалы, персонал отзывчивый.\nИдут на встречу с датой и временем.', 'man', 5, 0, 1, '2024-11-04 08:04:58'),
(13, 'aleksey ddr', 'о, я тут лечил себе зубы!!! спецом из Питера ездил на чух-чухе :))', 'man', 5, 0, 1, '2024-06-12 08:05:55'),
(14, 'Владислав', 'Хорошо и цены нормальны н', 'man', 4, 0, 1, '2024-11-11 08:06:34');

-- --------------------------------------------------------

--
-- Структура таблицы `services`
--

CREATE TABLE `services` (
  `id` int NOT NULL,
  `title` varchar(255) NOT NULL,
  `intro` varchar(255) NOT NULL,
  `image` json NOT NULL,
  `description` text NOT NULL,
  `checked` tinyint(1) DEFAULT '0',
  `timestamp` timestamp NULL DEFAULT CURRENT_TIMESTAMP
) ENGINE=InnoDB DEFAULT CHARSET=utf8mb4 COLLATE=utf8mb4_0900_ai_ci;

--
-- Дамп данных таблицы `services`
--

INSERT INTO `services` (`id`, `title`, `intro`, `image`, `description`, `checked`, `timestamp`) VALUES
(1, 'Терапевтическая стоматология', 'Терапевтическая стоматология — это область стоматологии, сосредоточенная на диагностике и лечении заболеваний зубов и десен. Она охватывает широкий спектр процедур, направленных на сохранение и восстановление здоровья полости рта.', '[{\"url\": \"https://res.cloudinary.com/dlr2olc8r/image/upload/v1703681438/test/terapy_vkfxru.png\", \"public_id\": \"test/terapy_vkfxru\"}]', 'Терапевтическая стоматология — это область стоматологии, сосредоточенная на диагностике и лечении заболеваний зубов и десен. Она охватывает широкий спектр процедур, направленных на сохранение и восстановление здоровья полости рта.\r\nТерапевтическая стоматология включает в себя профилактику, диагностику и лечение различных стоматологических заболеваний. Специалисты в этой области, стоматологи-терапевты, работают с пациентами всех возрастов, начиная с раннего детства и заканчивая пожилыми людьми. Основная цель терапевтической стоматологии — сохранить зубы и десны в здоровом состоянии, предотвращая развитие заболеваний и осложнений.\r\n', 0, '2023-12-13 07:17:39'),
(2, 'Эстетическая стоматология', 'Главной задачей эстетической стоматологии является восстановление, исправление внешнего вида зубов.', '[{\"url\": \"https://res.cloudinary.com/dlr2olc8r/image/upload/v1697281154/test/je9i9h89dbzdrge12hck.png\", \"public_id\": \"test/je9i9h89dbzdrge12hck\"}]', 'Красивая белоснежная улыбка делает человека уверенным в себе и позволяет соответствовать определенному статусу. Восстановить красоту улыбки и здоровье зубам позволяет эстетическая стоматология, направленная на устранение зубных дефектов.\r\nСовременные технологии делают возможным решение практически любых проблем с зубами.', 0, '2023-12-13 07:18:34'),
(3, 'Ортопедическая стоматология', 'Ортопедическая стоматология — это специализированная область стоматологии, занимающаяся восстановлением и исправлением зубов и челюстей.', '[{\"url\": \"https://res.cloudinary.com/dlr2olc8r/image/upload/v1703681576/test/ortodont_arabat.png\", \"public_id\": \"test/ortodont_arabat\"}]', 'Ортопедическая стоматология — это специализированная область стоматологии, занимающаяся восстановлением и исправлением зубов и челюстей. Она охватывает широкий спектр процедур и методов, направленных на улучшение функциональности и эстетики зубов, а также на лечение различных деформаций и аномалий.\r\nОртопедическая стоматология фокусируется на диагностике, лечении и профилактике заболеваний, связанных с зубами и зубочелюстной системой. Специалисты в этой области, стоматологи-ортопеды, используют различные методы, включая:\r\n*●Протезирование;\r\n*●Имплантацию;\r\n*●Ортодонтию;\r\n*●Коррекцию прикуса;\r\nЭта область стоматологии играет ключевую роль в восстановлении зубов после утраты, повреждений или заболеваний, а также в улучшении качества жизни пациентов.', 0, '2023-12-13 07:19:21'),
(4, 'Хирургическая стоматология', 'Хирургическая стоматология в своей практике включает и удаление зубов. В случаях, когда лечение неэффективно и удаление зуба неизбежно, стоматолог-хирург профессионально, быстро и без болевых ощущений удалит необходимый зуб. ', '[{\"url\": \"https://res.cloudinary.com/dlr2olc8r/image/upload/v1703681640/test/implant_hgnbsw.png\", \"public_id\": \"test/implant_hgnbsw\"}]', 'Зубная хирургия включает в себя исправление неправильного прикрепления мягких тканей, удаление кист, остеофитов, зубов мудрости. Зубы, лечение которых оказалось неуспешным, удаляются либо проводятся зубо- сохраняющие операции, например, резекция верхушки корня.', 0, '2023-12-13 07:20:29'),
(6, 'Хирургия маргинального периодонта', 'Маргинальный или краевой периодонтит представляет собой воспаление связочного аппарата зуба в шеечной зоне. Данная патология диагностируется в стоматологии достаточно редко.', '[{\"url\": \"https://i.postimg.cc/zDFFVzCV/Screenshot-7.png\", \"public_id\": \"test/Screenshot_3_sk8nf8\"}]', 'Маргинальный периодонтит — это воспаление связочного аппарата зуба в шеечной зоне, встречающееся редко. Болезнь может быть острой или хронической. При своевременном лечении острое воспаление легко купируется, но без лечения через две недели становится хроническим, распространяясь на более глубокие структуры. Хронический периодонтит сопровождается снижением высоты костной перегородки и обнажением шеечной зоны зубов, что ухудшает состояние полости рта.\r\nОсновная причина — проникновение инфекции через край десны, что отличает его от других форм, где инфекция попадает через корневой канал. Обычно диагностируется у людей с пародонтитом средней и тяжелой степени. Плохая гигиена полости рта и зубной камень способствуют развитию болезни. Другие причины включают травмы зубов, медикаментозные ожоги и аномалии прикуса.\r\nСимптомы острого периодонтита включают постоянные ноющие боли, усиливающиеся при накусывании, и реакцию на раздражители. Хронический периодонтит часто протекает без дискомфорта, но может сопровождаться болями при перкуссии зуба и приеме пищи. Десна отекает, кровоточит, в кармане скапливается гной. При отсутствии лечения происходит атрофия костной ткани, увеличивается риск потери зуба и развития осложнений, таких как абсцессы и остеомиелит.\r\nДиагноз ставится на основании жалоб и симптомов. Рентгенологическая диагностика затруднена на ранних стадиях, изменения видны только при наличии пародонтальных карманов.', 0, '2023-12-27 17:52:31'),
(7, 'Имплантация зубов', 'Имплантация зубов -это современный и эффективный метод протезирования зубов. С помощью имплантации восстанавливаются утраченные зубы, при этом не приходится жертвовать соседними зубами. ', '[{\"url\": \"https://res.cloudinary.com/dlr2olc8r/image/upload/v1703681640/test/implant_hgnbsw.png\", \"public_id\": \"test/implant_hgnbsw\"}]', ' Имплантация зубов -это современный и эффективный метод протезирования зубов. С помощью имплантации восстанавливаются утраченные зубы, при этом не приходится жертвовать соседними зубами. \r\n*◊ Показания:\r\n*●Дефекты зубного ряда (единичный или множественные): \r\nПри единичном дефекте имплантация позволяет восстановить один утраченный зуб без необходимости обрабатывать соседние зубы. Это особенно важно для сохранения их целостности и функциональности. Имплант действует как корень зуба, обеспечивая стабильность и поддержку для коронки, что позволяет восстановить естественную функцию жевания. При множественных дефектах в случае утраты нескольких зубов, имплантация может стать идеальным решением. Вместо установки нескольких мостов или съемных протезов, можно установить несколько имплантов, на которые затем фиксируются коронки или протезы. Это обеспечивает более надежное и долговечное решение, а также более естественный внешний вид;\r\n*●Непереносимость съемных протезов:\r\nНекоторые пациенты испытывают дискомфорт или неудобства при использовании съемных протезов. Это может быть связано с аллергическими реакциями на материалы, из которых изготовлены протезы, или с неправильной посадкой, что приводит к натиранию слизистой оболочки рта. Имплантация зубов предлагает стабильное и комфортное решение, так как импланты фиксируются в челюстной кости, что исключает необходимость в съемных конструкциях и обеспечивает естественное ощущение при жевании и разговоре;\r\n*●Полная адентия (отсутствие зубов): \r\nПредставляет собой серьезную проблему, так как отсутствие зубов влияет не только на эстетику, но и на функцию жевания, а также на здоровье челюстной кости. Имплантация позволяет восстановить полный зубной ряд, обеспечивая пациенту возможность есть и говорить без ограничений. Использование имплантатов в сочетании с протезами (например, фиксированные протезы на имплантах) обеспечивает надежную опору и предотвращает атрофию костной ткани, что часто происходит при отсутствии зубов;\r\n *Противопоказания:\r\n*◊ Абсолютные:\r\n*●Онкология: \r\nНаличие злокачественных новообразований в организме может значительно ухудшить прогноз имплантации. Онкологические заболевания требуют серьезного медикаментозного лечения и могут влиять на заживление тканей. Имплантация в таких случаях может быть небезопасной и неэффективной;\r\n*●Заболевания крови: \r\nРасстройства гемостаза, такие как гемофилия или тромбоцитопения, могут привести к серьезным осложнениям после хирургического вмешательства. У пациентов с такими заболеваниями риск кровотечений и проблем с заживлением тканей значительно повышается;\r\n*●Болезни ЦНС: \r\nЗаболевания центральной нервной системы, такие как эпилепсия или тяжелые формы рассеянного склероза, могут ограничивать возможность проведения операции и влиять на восстановление после нее. Хирургическое вмешательство может вызвать обострение заболеваний или осложнения;\r\n*●Туберкулёз: \r\nАктивная форма туберкулеза является абсолютным противопоказанием, так как инфекция может распространяться и ухудшать процесс заживления. Имплантация может стать дополнительным стрессом для организма, что нежелательно в присутствии такой болезни;\r\n*●Диабет 1-го типа: \r\nУ пациентов с диабетом 1-го типа может быть нарушена регуляция обмена веществ и заживление тканей. Это повышает риск инфекций и осложнений после операции. Контроль уровня сахара в крови имеет ключевое значение, и имплантация может быть отложена до достижения стабильного состояния;\r\n*●Бруксизм: \r\n(непроизвольное скрепление или сжатие зубов) может привести к значительному напряжению на импланты, что увеличивает риск их повреждения или неудачи. Рекомендуется сначала лечить бруксизм, прежде чем рассматривать имплантацию;\r\n*●СПИД, ВИЧ: \r\nУ пациентов с ВИЧ или СПИДом иммунная система ослаблена, что повышает риск инфекций и осложнений после хирургического вмешательства. Имплантация может быть осуществима только при стабильном состоянии и под строгим контролем;\r\n*●Непереносимость металла: \r\nАллергические реакции на материалы, используемые для имплантатов (например, титан), могут вызывать серьезные воспалительные реакции и отторжение импланта;\r\n*●Гипертонус мышц: \r\nПовышенный тонус мышц может привести к сложностям в процессе установки импланта и восстановлении, что может негативно сказаться на заживлении и долговечности импланта;\r\n*◊ Относительные:\r\n*●Плохая гигиена полости рта: \r\nНеправильный уход за полостью рта может привести к инфекциям и воспалениям, что существенно увеличивает риск неудачи имплантации. Рекомендуется сначала улучшить гигиену и лишь затем рассматривать возможность операции;\r\n*●Аномалия прикуса: \r\nНеправильный прикус может привести к неравномерному распределению нагрузки на импланты, что увеличивает риск их разрушения. В некоторых случаях может потребоваться ортодонтическое лечение перед имплантацией;\r\n*●Периодонтит: \r\nХронический воспалительный процесс в тканях, окружающих зубы, может привести к потере костной ткани и ухудшению условий для имплантации. Лечение периодонтита должно быть завершено до начала имплантации;\r\n*●Атрофия костной ткани: \r\nНедостаток костной ткани может затруднить установку имплантов. В таких случаях может потребоваться предварительное наращивание костной ткани (остеопластика) для создания необходимой основы;\r\n*●Алкоголизм, наркомания: \r\nУпотребление алкоголя и наркотиков может негативно влиять на заживление и общее состояние здоровья. Эти факторы могут привести к осложнениям и снижению успеха имплантации;\r\n*●Период беременности и лактация: \r\nВо время беременности и лактации изменяются гормональные уровни, что может повлиять на состояние десен и заживление. Рекомендуется отложить имплантацию до завершения периода лактации.', 0, '2023-12-27 17:52:31'),
(9, 'Детская стоматология', 'Детская стоматология — это специализированная область стоматологических услуг, которая ориентирована на заботу о здоровье зубов и полости рта у детей. Она учитывает анатомические, физиологические и психологические особенности детского организма.', '[{\"url\": \"https://i.postimg.cc/6QC9t1kx/Screenshot-5.png\", \"public_id\": \"test/kids_xzumtl\"}]', 'Детская стоматология — это специализированная область стоматологических услуг, которая ориентирована на заботу о здоровье зубов и полости рта у детей. Она учитывает анатомические, физиологические и психологические особенности детского организма.', 0, '2024-02-23 08:03:37');

-- --------------------------------------------------------

--
-- Структура таблицы `subservices`
--

CREATE TABLE `subservices` (
  `id` int NOT NULL,
  `subtitle` varchar(255) CHARACTER SET utf8mb4 COLLATE utf8mb4_0900_ai_ci NOT NULL,
  `article` text NOT NULL,
  `subimage` json NOT NULL,
  `serviceId` int NOT NULL,
  `timestamp` timestamp NULL DEFAULT CURRENT_TIMESTAMP
) ENGINE=InnoDB DEFAULT CHARSET=utf8mb4 COLLATE=utf8mb4_0900_ai_ci;

--
-- Дамп данных таблицы `subservices`
--

INSERT INTO `subservices` (`id`, `subtitle`, `article`, `subimage`, `serviceId`, `timestamp`) VALUES
(36, 'Лечение кариеса', 'Kариес возникает в результате возникновения органических кислот, которые выделяются бактериями ротовой полости.\r\nРазмножение бактерий происходит благодаря ряду причин, например, неправильной гигиены полости рта, избытка углеводной пищи в рационе человека, общему снижению иммунитета. \r\nНа начальной стадии кариес характеризуется почти незаметными изменениями структуры поверхности зуба – появление линий, бороздок, неровностей, шероховатостей, а также появлением пятен белого, желтоватого или темного цвета на зубной эмали. То есть затронута только эмаль.\r\nВ дальнейшем процесс распространяется вглубь тканей зуба и приводит к  разрушению твёрдых тканей зуба с образованием полости в дентине, а при отсутствии лечения — к возникновению более глубоких воспалительных процессов.\r\nПоэтому и принято, что к стоматологу надо приходить на консультацию два раза в год, чтобы не пропустить начальное развитие кариеса. \r\n', '[{\"url\": \"https://res.cloudinary.com/dlr2olc8r/image/upload/v1711122118/test/%D0%93%D0%B8%D1%84%D0%BA%D0%B0_%D1%81_Gifius.ru_bhqfa0.gif\", \"public_id\": \"test/Гифка_с_Gifius.ru_bhqfa0\"}]', 1, '2024-02-23 09:28:10'),
(37, 'Лечение пульпитов', 'Пульпит - это воспаление пульпы сосудисто-нервного пучка зубов. \r\nЧаще всего пульпит развивается в результате глубокого кариеса, когда патогенные микроорганизмы попадают непосредственно на пульпу зуба или через дентинные канальцы в толщу дентия. Патогенные микроорганизмы быстро размножаются и под не качественной пломбой. \r\nКак проявляется пульпит?\r\nПульпит может проявляться остро: приступообразная боль, усиливающаяся при температурных раздражителях и ночью. А также пульпит может быть хроническим. При хроническом пульпите явления боли приглушённые. \r\nПри отсутствии своевременного лечения процесс распространяется за пределы зуба и развивается периодонтит. \r\n', '[{\"url\": \"https://res.cloudinary.com/dlr2olc8r/image/upload/v1697280990/test/yzzx8djsitsn5t4afzys.png\", \"public_id\": \"test/yzzx8djsitsn5t4afzys\"}]', 1, '2024-02-23 09:28:10'),
(38, 'Лечение периодонтитов', '*Причины периодонтита зуба:\r\n● Кариес и пульпит без своевременного лечения;\r\n● Травма зуба с повреждением сосудисто-нервного пучка пульпы;\r\n● Воздействие сильнодействующих веществ.\r\nПериодонтит может быть острым, когда развивается быстро с течением гнойного процесса. И может быть хроническим. Сопровождающийся образованием свища, потемнением зуба, болью при надкусывании на зуб. Но хронический периодонтит может протекать и без каких либо симптомов и диагностироваться только на рентгенограмме. Отсутствие своевременного лечения приводит к образованию кисты зуба, а в тяжёлых случаях к флегмоне. Это гнойное расплавление подкожной клетчатки в челюстно-лицевой области.', '[{\"url\": \"https://i.postimg.cc/q78Bn7jh/Screenshot-14.png\", \"public_id\": \"test/yzzx8djsitsn5t4afzys\"}]', 1, '2024-02-23 09:28:10'),
(39, 'Шинирование зубов', 'Шинирование зубов – это современная стоматологическая процедура, направленная на укрепление подвижных зубов и предотвращение их дальнейшего расшатывания. В клинике \"Мирастом\" мы предлагаем эффективные и безопасные методы шинирования, которые помогут вам сохранить здоровую и красивую улыбку.\r\n*Что такое шинирование зубов?\r\nШинирование зубов – это процесс фиксации подвижных зубов с помощью специальных конструкций, которые объединяют несколько зубов в единый блок. Это позволяет равномерно распределить жевательную нагрузку и предотвратить дальнейшее расшатывание зубов.\r\n*Показания к шинированию зубов.\r\n*Шинирование рекомендуется в следующих случаях:\r\n● Пародонтоз и пародонтит, вызывающие подвижность зубов;\r\n● Травмы челюсти, приводящие к расшатыванию зубов;\r\n● Подвижность зубов после ортодонтического лечения (например, после снятия брекетов);\r\n● Неравномерное распределение жевательной нагрузки из-за неправильного положения зубов.\r\n*Методы шинирования.\r\nВ нашей клинике используются различные методы шинирования, включая:\r\n● Шинирование стекловолокном: Прочный и эстетичный материал, который надежно фиксирует зубы.\r\n● Вантовый метод: Использование специальных нитей для стабилизации зубов.\r\n● Бюгельная стабилизация: Установка съемных или несъемных протезов для фиксации зубов.\r\n*Преимущества шинирования в \"Мирастом\":\r\n● Безопасность и комфорт: Процедура проводится с использованием современных материалов и технологий, что обеспечивает максимальный комфорт для пациента.\r\n● Долговременный эффект: Шинирование позволяет надолго сохранить стабильность зубного ряда.\r\n● Эстетичность: Используемые материалы практически незаметны и не влияют на внешний вид зубов.\r\n*Запишитесь на консультацию !\r\nЕсли вы заметили подвижность зубов или у вас есть другие проблемы с зубами, не откладывайте визит к стоматологу. ', '[{\"url\": \"https://i.postimg.cc/Gmzn1s7j/Screenshot-15.png\", \"public_id\": \"test/yzzx8djsitsn5t4afzys\"}]', 1, '2024-02-23 09:28:10'),
(40, 'Профессиональная гигиена полости рта', 'Забота о здоровье полости рта — это залог красивой улыбки и уверенности в себе. В клинике \"Мирастом\" мы предлагаем услугу профессиональной гигиены полости рта, которая включает в себя комплекс процедур для поддержания чистоты и здоровья ваших зубов и десен.\r\n*Что включает в себя профессиональная гигиена полости рта?\r\n*Удаление зубного налета и камня: \r\nНаши специалисты используют современные ультразвуковые и механические методы для эффективного удаления зубного налета и камня, что предотвращает развитие кариеса и заболеваний десен.\r\n*Полировка зубов: \r\nПосле удаления налета и камня проводится полировка зубов специальными пастами, что делает поверхность зубов гладкой и блестящей.\r\n*Фторирование:\r\nДля укрепления эмали и защиты от кариеса мы предлагаем процедуру фторирования, которая насыщает зубы необходимыми минералами.\r\n*Рекомендации по уходу: \r\nНаши стоматологи дадут вам индивидуальные рекомендации по уходу за полостью рта, чтобы вы могли поддерживать результат на длительное время.\r\n*Почему выбирают \"Мирастом\"?\r\n● Опытные специалисты: В нашей клинике работают высококвалифицированные стоматологи с многолетним опытом.\r\n● Современное оборудование: Мы используем только новейшие технологии и материалы для достижения наилучших результатов.\r\n● Комфорт и безопасность: Мы заботимся о вашем комфорте и безопасности на каждом этапе процедуры.\r\nЗапишитесь на профессиональную гигиену полости рта в клинике \"Мирастом\" и подарите себе здоровую и сияющую улыбку!', '[{\"url\": \"https://i.postimg.cc/NMtgsw86/Screenshot-17.png\", \"public_id\": \"test/yzzx8djsitsn5t4afzys\"}]', 1, '2024-02-23 09:28:10'),
(41, 'Чистка зубов Air-Flow', 'Здоровье и красота вашей улыбки - наша главная забота в стоматологической клинике \"Мирастом\". Именно поэтому мы предлагаем нашим пациентам современную методику чистки зубов Air-Flow, которая обеспечивает глубокое и бережное очищение полости рта.\r\nЧистка зубов Air-Flow - это инновационная технология, использующая мощный поток воздуха, воды и специального порошка для удаления даже самых стойких загрязнений. В отличие от традиционных методов, этот подход позволяет очистить труднодоступные участки, не травмируя чувствительные ткани.\r\nПроцедура Air-Flow проводится под контролем опытного врача-стоматолога \"Мирастом\". Сначала специалист аккуратно очищает все поверхности зубов с помощью струи воздуха, воды и специального абразивного порошка. Затем следует тщательная полировка, которая возвращает зубам естественный блеск и гладкость.\r\nБлагодаря использованию Air-Flow, чистка зубов становится максимально эффективной и комфортной для пациента. Метод позволяет удалить даже самые стойкие отложения, не вызывая при этом раздражения или болезненных ощущений. Кроме того, Air-Flow отлично подходит для людей с чувствительными зубами и деснами.\r\nПосле процедуры полость рта становится свежей и чистой, а зубы - здоровыми и сияющими. Регулярная чистка зубов Air-Flow в клинике Мирастом поможет сохранить вашу улыбку красивой и привлекательной на долгие годы.\r\nЗаписывайтесь на прием к нашим специалистам и убедитесь в эффективности современной методики Air-Flow. \r\n*Доверьте заботу о своем стоматологическом здоровье профессионалам \"Мирастом\"!', '[{\"url\": \"https://i.postimg.cc/RhRmPqJN/Screenshot-32.png\", \"public_id\": \"test/yzzx8djsitsn5t4afzys\"}]', 2, '2024-02-23 09:28:10'),
(42, 'Отбеливание зубов', 'Красивая, ровная и белоснежная улыбка - мечта каждого человека. Но со временем зубы могут темнеть и тускнеть из-за различных факторов, таких как употребление кофе, чая, красного вина, курение или возрастные изменения. Как вернуть зубам естественную белизну и сияние? Обратитесь к профессионалам стоматологической клиники \"Мирастом\"!\r\nНаши опытные врачи-стоматологи проводят безопасное и эффективное отбеливание зубов, которое поможет вернуть вашей улыбке ослепительную белизну. Мы используем современные методики и высококачественные материалы, чтобы добиться максимального результата без вреда для здоровья ваших зубов.\r\n*Процесс профессионального отбеливания в Мирастом включает несколько этапов:\r\n● Первичная консультация. Врач оценивает состояние ваших зубов, определяет глубину окрашивания и подбирает оптимальный метод отбеливания.\r\n● Очистка и подготовка зубов. Перед процедурой специалист тщательно очищает поверхность зубов от налета и других загрязнений.\r\n● Нанесение отбеливающего геля. На зубы наносится специальный высокоэффективный гель, который активируется под воздействием света или тепла.\r\n● Промежуточные этапы. В зависимости от выбранной методики, процедура может включать несколько циклов нанесения и активации геля для достижения желаемого результата.\r\n● Финальная полировка. После отбеливания врач проводит профессиональную полировку, чтобы вернуть зубам естественный блеск и гладкость.\r\nОтбеливание в клинике \"Мирастом\" безопасно, эффективно и абсолютно безболезненно. Всего за один-два визита мы сможем вернуть вашим зубам великолепный белоснежный оттенок, преобразив вашу улыбку до неузнаваемости.\r\nЗапишитесь на консультацию прямо сейчас и узнайте, как профессиональное отбеливание в \"Мирастом\" может изменить вашу внешность к лучшему. Красивая, здоровая и сияющая улыбка станет вашим ключом к успеху!', '[{\"url\": \"https://i.postimg.cc/GtBND2PW/Screenshot-33.png\", \"public_id\": \"test/yzzx8djsitsn5t4afzys\"}]', 2, '2024-02-23 09:28:10'),
(43, 'Адгезивное протезирование', 'Потеря зуба или его разрушение - серьезная проблема, которая не только портит внешний вид улыбки, но и создает трудности при жевании и речи. Традиционные способы протезирования, такие как мостовидные конструкции или съемные протезы, не всегда могут обеспечить желаемый эстетический результат и полноценное восстановление функций зубного ряда.\r\nИменно поэтому специалисты стоматологической клиники \"Мирастом\" рекомендуют рассмотреть вариант адгезивного протезирования. Это современный, щадящий и высокоэстетичный метод восстановления отсутствующих зубов, который позволяет вернуть красоту и здоровье вашей улыбке.\r\nАдгезивные протезы, также известные как \"фиксированные частичные протезы\" или \"накладки\", изготавливаются из высокопрочных керамических или композитных материалов. Они надежно фиксируются на соседних здоровых зубах, восстанавливая утраченный зуб без необходимости сошлифовывать здоровые ткани.\r\n*Процесс протезирования в включает следующие этапы:\r\n● Тщательное обследование и планирование. Врач анализирует состояние ваших зубов и разрабатывает индивидуальный план лечения.\r\n● Подготовка опорных зубов. При необходимости проводится минимальное восстановление или шлифовка для обеспечения прочной фиксации протеза.\r\n● Изготовление и установка адгезивного протеза. Протез изготавливается в зуботехнической лаборатории и затем надежно фиксируется на опорные зубы.\r\n● Финальная отделка и полировка. Протез подгоняется и полируется для достижения идеальной эстетики и комфорта.\r\n●Адгезивное протезирование в \"Мирастом\" - это практически невидимое восстановление зубного ряда, которое сохраняет здоровые зубные ткани и обеспечивает высокую функциональность. Результат - естественная, красивая и здоровая улыбка, которой вы сможете наслаждаться долгие годы.\r\nЗапишитесь на консультацию в \"Мирастом\" и узнайте, как адгезивное протезирование поможет вернуть вашей улыбке совершенство. Подарите себе уверенность и привлекательность с помощью передовых стоматологических решений!', '[{\"url\": \"https://i.postimg.cc/jqmqFn1J/Screenshot-34.png\", \"public_id\": \"test/yzzx8djsitsn5t4afzys\"}]', 2, '2024-02-23 09:28:10'),
(44, 'Виниры', 'Мечтаете о безупречной, сияющей улыбке, как у голливудских звезд? Специалисты стоматологической клиники \"Мирастом\" помогут вам воплотить эту мечту в реальность с помощью высококачественных виниров.\r\n*Виниры - это тонкие, но прочные\r\nкерамические или композитные накладки, которые надежно фиксируются на передних зубах. Они позволяют мгновенно преобразить улыбку, скрывая различные эстетические дефекты:\r\n• Изменение формы, размера или положения зубов\r\n• Неровности, сколы и трещины на эмали\r\n• Потемнение и пятна на зубах\r\n• Широкие промежутки между зубами\r\nПроцедура установки виниров в \"Мирастом\" занимает всего 2-3 визита и проходит максимально безболезненно. На первом этапе врач-стоматолог тщательно обследует ваши зубы, изучает форму лица и составляет индивидуальный план лечения. Далее он аккуратно обрабатывает поверхность зубов, чтобы обеспечить надежную фиксацию виниров.\r\nСледующий шаг - изготовление виниров. Наши опытные зубные техники создают уникальные керамические или композитные накладки, воплощая ваши пожелания по форме, цвету и размеру. На заключительном визите врач аккуратно устанавливает готовые виниры, придавая вашей улыбке безупречный вид.\r\nРезультат - восхитительная, ослепительно белоснежная улыбка, которая преобразит ваш образ! Виниры выглядят максимально естественно, не вызывая дискомфорта при разговоре, приеме пищи или чистке зубов. Они отлично сохраняют свой первозданный вид на протяжении многих лет.\r\nМечтаете о сияющей голливудской улыбке? Запишитесь на консультацию в \"Мирастом\" и узнайте, как виниры помогут вам обрести уверенность в себе и произвести незабываемое впечатление! Превратите свою улыбку в визитную карточку успеха.', '[{\"url\": \"https://i.postimg.cc/k5qps9Pp/Screenshot-35.png\", \"public_id\": \"test/yzzx8djsitsn5t4afzys\"}]', 2, '2024-02-23 09:28:10'),
(45, 'Одноэтапная имплантация с немедленной нагрузкой', 'Одноэтапная имплантация — это современный метод восстановления утраченных зубов, который позволяет сочетать удаление зуба и установку импланта в одну процедуру. Этот подход имеет несколько важных аспектов и преимуществ:\r\n*Процедура удаления зуба:\r\nВ начале врач проводит тщательное обследование, включая рентгенографию, чтобы оценить состояние окружающих тканей и костной структуры. После этого происходит удаление зуба, которое может быть выполнено под местной анестезией для минимизации дискомфорта пациента.\r\n*Установка импланта:\r\nСразу после удаления зуба в подготовленный лунку устанавливается имплант. Врач использует специальные инструменты для точного позиционирования импланта в челюстной кости. Это позволяет обеспечить надежную фиксацию и стабильность конструкции.\r\n*Временная коронка:\r\nПосле установки импланта на него устанавливается временная коронка. Это важный этап, так как временная коронка позволяет восстановить эстетику улыбки и функцию жевания сразу после операции. Временная коронка также защищает имплант и помогает сохранить мягкие ткани вокруг него.\r\n*Процесс приживления:\r\nВ течение следующих 4-6 месяцев имплант проходит процесс остеоинтеграции, во время которого он срастается с челюстной костью. Это критически важный этап, который обеспечивает прочность и стабильность конечной конструкции. Врач может рекомендовать регулярные осмотры, чтобы контролировать процесс заживления.\r\n*Установка постоянной коронки:\r\nПосле завершения процесса приживления и достижения полной интеграции импланта с костью, на него устанавливается постоянная коронка. Постоянная коронка изготавливается индивидуально с учетом цвета, формы и размера, чтобы максимально соответствовать естественным зубам пациента.\r\n*Преимущества одноэтапной имплантации:\r\n*● Сокращение времени лечения: \r\nОдноэтапная имплантация позволяет избежать необходимости в нескольких операциях, что значительно сокращает общее время лечения;\r\n*● Эстетика: \r\nУстановка временной коронки сразу после удаления зуба восстанавливает внешний вид улыбки и помогает избежать психологического дискомфорта от отсутствия зуба.\r\n*● Удобство для пациента: \r\nМинимизация количества визитов к стоматологу и процедур делает процесс более удобным для пациента.\r\nЗаписывайтесь на консультацию в клинику \"Мирастом\", и наши опытные специалисты помогут сохранить ваши зубы, вернув им здоровье и прекрасный внешний вид.', '[{\"url\": \"https://i.postimg.cc/Qxz421G1/Screenshot-40.png\", \"public_id\": \"test/yzzx8djsitsn5t4afzys\"}]', 7, '2024-02-23 09:28:10'),
(46, 'Двухэтапная имплантация с отсроченной нагрузкой.', 'Двухэтапная имплантация — это классический метод восстановления утраченных зубов, который позволяет эффективно и надежно восстановить как одиночные, так и множественные дефекты зубного ряда. Этот процесс включает два основных этапа: установка импланта и установка постоянной коронки.\r\n*Первый этап: Установка импланта\r\n*1. Предварительное обследование:\r\nПеред началом процедуры стоматолог проводит полное обследование, включая рентгенографию и компьютерную томографию, чтобы оценить состояние челюстной кости и окружающих тканей. Это позволяет определить оптимальное место для установки импланта и выявить возможные противопоказания.\r\n*2. Удаление зуба (если необходимо):\r\nЕсли зуб, который необходимо заменить, все еще присутствует, он может быть удален в ходе этой же процедуры. Удаление проводится под местной анестезией для обеспечения максимального комфорта пациента.\r\n*3. Установка импланта:\r\nВ подготовленную кость челюсти вживляется имплант — титановый винт, который будет служить искусственным корнем зуба. Врач использует специальные инструменты для точного позиционирования импланта. После установки импланта лунка зашивается, и начинается процесс остеоинтеграции.\r\n*4. Остеоинтеграция:\r\nВ течение следующих 4-6 месяцев имплант срастается с челюстной костью. Этот процесс критически важен для обеспечения прочности и стабильности импланта. Врач может назначить контрольные осмотры для мониторинга процесса заживления.\r\n*Второй этап: Установка коронки.\r\n*1. Подготовка к установке коронки:\r\nПосле завершения остеоинтеграции проводится осмотр, чтобы убедиться, что имплант прижился успешно. Если все в порядке, стоматолог делает слепок или 3D-модель челюсти для индивидуального изготовления коронки.\r\n*2. Изготовление коронки:\r\nПостоянная коронка изготавливается в зуботехнической лаборатории с учетом всех анатомических особенностей, цвета и формы зубов пациента. Это обеспечивает естественный внешний вид и комфорт при использовании.\r\n*3. Установка коронки:\r\nНа финальном этапе постоянная коронка фиксируется на импланте с помощью специального цемента или винта. Стоматолог проверяет правильную посадку и прикус, а также делает необходимые корректировки.\r\n*Преимущества двухэтапной имплантации:\r\n*● Надежность: \r\nДва этапа позволяют тщательно подготовиться к установке коронки, обеспечивая максимальную прочность и долговечность импланта.\r\n*● Гибкость: \r\nМетод подходит для восстановления любого количества зубов — от одиночных имплантов до полных зубных рядов.\r\n*● Естественный процесс заживления:\r\nРазделение процедуры на два этапа позволяет организму адаптироваться и максимально эффективно интегрировать имплант в костную ткань.\r\nЗаписывайтесь на консультацию в клинику \"Мирастом\", и наши опытные хирурги-стоматологи помогут сохранить ваши зубы, вернув им здоровье и прекрасный внешний вид.', '[{\"url\": \"https://i.postimg.cc/NjmqGBcN/Screenshot-42.png\", \"public_id\": \"test/yzzx8djsitsn5t4afzys\"}]', 7, '2024-02-23 09:28:10'),
(48, 'Съёмное протезирование', 'Съёмное протезирование применяется в тех случаях когда нет возможности восстановить зубной ряд с помощью несъёмных конструкций, в случае противопоказаний к имплантации. Съёмные протезы применяются как при полной, так и при частичной потере зубов. \r\nВ нашей клинике мы изготавливаем нейлоновые и акриловые съёмные протезы.\r\nВ случае поломки такие конструкции легко отремонтировать. Эти протезы пациент может снимать и одевать самостоятельно.\r\nСъёмные протезы нуждаются в замене каждые 3-5 лет. Из-за усадки костной ткани протез со временем расшатывается и чаще выпадает.', '[{\"url\": \"https://i.postimg.cc/3N6VwXMs/Screenshot-18.png\", \"public_id\": \"test/yzzx8djsitsn5t4afzys\"}]', 3, '2024-02-23 09:28:10'),
(49, 'Несъёмное протезирование', 'Несъёмные зубные протезы прочно фиксируются в полости рта и самостоятельно не снимаются. \r\n*К несъемным протезам относятся:\r\n● коронки;\r\n● мостовидные протезы;\r\n● вкладки;\r\n● виниры;\r\n● импланты.', '[{\"url\": \"https://i.postimg.cc/7PSMBvZg/Screenshot-24.png\", \"public_id\": \"test/yzzx8djsitsn5t4afzys\"}]', 3, '2024-02-23 09:28:10'),
(50, 'Протезирование на имплантах', 'Протезирование на имплантах позволяет восстановить эстетику и целостность зубного рядя, как при единичной так и при полной потере зубов. \r\nКоронки на имплантах устанавливают после того когда имплант полностью приживется после (приблизительно 5 - 6 месяцев).\r\n*Стоимость коронки на имплантах зависит:\r\n● от типа конструкции (это временные или постоянные коронки);\r\n● материала;\r\n● бренда импланта.', '[{\"url\": \"https://res.cloudinary.com/dlr2olc8r/image/upload/v1697280990/test/yzzx8djsitsn5t4afzys.png\", \"public_id\": \"test/yzzx8djsitsn5t4afzys\"}]', 3, '2024-02-23 09:28:10'),
(51, 'Удаление зубов (простое, сложное)', 'В стоматологической клинике \"Мирастом\" вы можете доверить любую процедуру по удалению зубов нашим опытным специалистам. Будь то простое или сложное хирургическое вмешательство, мы гарантируем профессиональный подход, безопасность и максимальный комфорт для пациента.\r\nПростое удаление зуба - это манипуляция, которая проводится при относительно простой анатомии корневой системы. Используя только щипцы и элеватор, врач аккуратно и бережно извлекает зуб с прямыми корнями без дополнительных хирургических действий.\r\nСложное удаление зуба требует более глубокого вмешательства. Оно применяется, когда зуб имеет искривленные, разветвленные корни или находится в труднодоступном месте. В этом случае стоматолог-хирург \"Мирастом\" выполняет разрез десны, при необходимости - распиливание зубной единицы на части, и бережное удаление каждого фрагмента. Для этого используется специальный хирургический набор инструментов.\r\nПеред любым удалением зуба наши специалисты проводят тщательную диагностику - рентген, осмотр, анализ состояния зубочелюстной системы. Это позволяет составить точный план лечения и обеспечить максимальную безопасность процедуры.\r\nВсе манипуляции по удалению зубов в \"Мирастом\" проводятся под надежной местной или общей анестезией. Мы предлагаем разные варианты обезболивания, чтобы обеспечить полный комфорт пациента и отсутствие болевых ощущений.\r\nПосле операции врач дает подробные рекомендации по реабилитации. Мы также берем на себя организацию последующего лечения - будь то установка импланта, протезирование или ортодонтическая коррекция.\r\nНе медлите с решением проблемы \"больного\" зуба. Запишитесь на консультацию в \"Мирастом\", и наши опытные стоматологи-хирурги подберут для вас оптимальный и безопасный способ его удаления. Доверьте свою улыбку профессионалам!', '[{\"url\": \"https://i.postimg.cc/wTPtDTL9/Screenshot-36.png\", \"public_id\": \"test/yzzx8djsitsn5t4afzys\"}]', 4, '2024-02-23 09:28:10'),
(52, 'Удаление ретинированных, полу-ретинированных зубов с УЗ', 'В стоматологической практике нередко встречаются случаи, когда зубы не прорезались или находятся в неправильном положении под десной. Такие ретинированные и полу-ретинированные зубы требуют особого внимания и применения передовых методик для их безопасного и бережного удаления.\r\nВ клинике \"Мирастом\" мы используем инновационный ультразвуковой метод, чтобы провести даже самую сложную хирургическую операцию по удалению ретинированных зубов максимально эффективно и безболезненно для пациента.\r\n*Ультразвуковое удаление зубов имеет ряд преимуществ:\r\n• Высокая точность и контролируемость манипуляций. Ультразвуковой наконечник позволяет аккуратно и бережно отделять зуб от окружающих тканей.\r\n• Минимальное травмирование десны и кости. Ультразвук оказывает селективное воздействие только на удаляемый зуб, не повреждая здоровые ткани.\r\n• Быстрое заживление. Ультразвуковая техника способствует сокращению сроков реабилитации пациента после удаления зуба.\r\n• Высокая эффективность при работе с ретинированными зубами. Ультразвук помогает безопасно извлечь даже глубоко расположенные или сложные по анатомии зубы.\r\nПроцедура ультразвукового удаления зуба в клинике \"Мирастом\" проводится под местной анестезией. Врач-стоматолог-хирург аккуратно отслаивает десну, а затем с помощью ультразвукового наконечника бережно отделяет и извлекает проблемный зуб. Швы накладываются только при необходимости.\r\nПосле операции пациенту даются подробные рекомендации по уходу за полостью рта в период реабилитации. Специалисты \"Мирастом\" готовы проконсультировать вас по дальнейшему лечению - будь то установка импланта, протезирование или ортодонтическая коррекция.\r\nДоверьте удаление даже самых сложных ретинированных зубов профессионалам клиники \"Мирастом\". Мы гарантируем высокое качество медицинской помощи, соблюдение всех стандартов безопасности и максимальный комфорт для пациента. Записывайтесь на консультацию уже сегодня!', '[{\"url\": \"https://i.postimg.cc/nr333QZR/Screenshot-37.png\", \"public_id\": \"test/Screenshot_14_gfuhbq\"}]', 4, '2024-02-23 09:28:10'),
(53, 'Операция резекции верхушки корня', 'Резекция верхушки корня зуба, или апексэктомия, - это эффективный способ сохранить проблемный зуб, когда другие методы лечения оказываются неэффективными. Данная хирургическая операция выполняется опытными стоматологами-хирургами клиники \"Мирастом\" с использованием передовых методик и оборудования.\r\n*Показания для резекции корня зуба:\r\n● Наличие патологических образований (кист, гранулем) на верхушке корня.\r\n● Невозможность качественного пломбирования или распломбировки корневых каналов.\r\n● Необходимость удаления части корня под уже установленной коронкой или культевой вкладкой.\r\nВо время операции врач аккуратно отслаивает десну, удаляет небольшую часть кости, чтобы получить доступ к верхушке корня. Далее он иссекает воспаленный фрагмент корня, тщательно обрабатывает и запломбировывает оставшуюся часть. При необходимости на место удаленного участка помещается специальный костный материал для ускорения процесса восстановления.\r\nРезекция корня зуба всегда проводится под местной или общей анестезией. Это позволяет исключить любые болевые ощущения во время вмешательства.\r\nПосле операции пациенту даются подробные рекомендации по уходу за полостью рта в период реабилитации. Возможно, потребуется последующее протезирование или ортодонтическая коррекция. Наши специалисты с радостью проконсультируют вас по дальнейшему лечению.\r\nНе откладывайте решение проблемы \"больного\" зуба! Записывайтесь на консультацию в клинику \"Мирастом\", и наши опытные хирурги-стоматологи помогут сохранить ваши зубы, вернув им здоровье и прекрасный внешний вид.', '[{\"url\": \"https://res.cloudinary.com/dlr2olc8r/image/upload/v1711787148/test/Screenshot_13_kpe7vu.png\", \"public_id\": \"test/Screenshot_13_kpe7vu\"}]', 4, '2024-02-23 09:28:10'),
(54, 'Операция цистэктомия', 'Цистэктомия - это плановая зубосохраняющая хирургическая операция по удалению кистозного образования на зубе с последующим наложением швов. Данная процедура выполняется опытными стоматологами-хирургами клиники Мирастом как на верхней, так и на нижней челюсти, преимущественно в переднем отделе.\r\nТехника цистэктомии позволяет полностью избавиться от кисты и сохранить сам зуб. Это дает возможность в дальнейшем использовать его для протезирования, сохраняя жевательную и эстетическую функцию.\r\nКиста зуба обычно образуется в верхушечной (апикальной) части корня и представляет собой полость, заполненную жидкостью. Размеры кисты могут варьироваться от 5 мм до 2 см в диаметре.\r\n*Основные причины появления кисты:\r\n● Осложнённый кариес;\r\n● Травма зуба;\r\n● Плохая гигиена полости рта.\r\nКиста может долгое время никак себя не проявлять, однако она склонна к росту. Со временем киста может стать причиной боли в десне, отечности щеки и других неприятных симптомов. Без своевременного лечения киста зуба может спровоцировать развитие серьёзных заболеваний - периостита, остеомиелита, гайморита и даже заражение крови.\r\n*Различают два вида кист:\r\n● Фолликулярная - вырастает из зубного фолликула (оболочки вокруг растущего зуба).\r\n● Радикулярная - образуется на корнях зуба из-за хронического воспаления или травмы.\r\nЛечение кисты зуба зависит от её размера и стадии развития. На ранних этапах возможно консервативное лечение. Но если киста превышает 8-10 мм в диаметре, показано хирургическое вмешательство - цистэктомия.\r\nВо время операции стоматолог-хирург рассекает десну в области проекции кисты, аккуратно удаляет её эпителиальную ткань, очищает и промывает рану антисептиками. При необходимости выполняется резекция верхушки корня зуба и ретроградное пломбирование канала. Завершается процедура наложением швов.\r\nВосстановительный период после цистэктомии занимает 3-4 месяца. За это время пациенту важно следовать всем рекомендациям врача и тщательно ухаживать за полостью рта. Контрольное рентгенологическое исследование через 3-4 месяца позволит оценить результат лечения и определить дальнейшую тактику в отношении причинного зуба.\r\nНе рискуйте своим здоровьем! Обращайтесь за лечением кист зубов в клинику \"Мирастом\". Наши опытные стоматологи-хирурги выполнят цистэктомию максимально безопасно и эффективно, позволив сохранить ваши зубы. Запишитесь на консультацию прямо сейчас!', '[{\"url\": \"https://res.cloudinary.com/dlr2olc8r/image/upload/v1711786930/test/Screenshot_12_t4bwtn.png\", \"public_id\": \"test/Screenshot_12_t4bwtn\"}]', 4, '2024-02-23 09:28:10'),
(55, 'Пластика уздечки губ и языка', 'Пластика уздечки верхней губы проводится в случаях, когда ее низкое или неправильное прикрепление нарушает акт сосания у новорожденных, вызывая трудности с грудным вскармливанием в первые месяцы жизни малыша.\r\n*Основные показания к пластике уздечки верхней губы:\r\n● Укорочение уздечки, нарушающее речь и затрудняющее произношение звуков, а также логопедическое лечение.\r\n● Чрезмерно широкая уздечка, способствующая скоплению остатков пищи между зубами и развитию выраженного кариеса.\r\n● Наличие диастемы и короткой уздечки, не дающей резцам сойтись по центру и увеличивающей промежуток между зубами.\r\n● Высокий риск нарушения прикуса из-за неправильного прикрепления уздечки.\r\n● Угроза прогрессирования гиперестезии зубов, пародонтита и обнажения корней из-за укороченной уздечки, постоянно оттягивающей десну от резцов.\r\n● Подготовка к использованию съемного протеза, который может соскальзывать из-за укороченной уздечки.\r\nВ отличие от пластики уздечки языка, коррекцию уздечки верхней губы у детей не рекомендуется проводить в раннем возрасте, так как это повышает риск рубцовой деформации и спаек, требующих в дальнейшем повторного вмешательства. Кроме того, воздействие на зачатки постоянных зубов может привести к их повреждению.\r\nПеред операцией стоматолог назначает ортопантомограмму для выбора оптимального метода вмешательства. Сама процедура длится 20-30 минут, выполняется под местной анестезией. Врач подробно расскажет о ходе восстановления и ответит на все вопросы родителей.\r\nСлизистая, как правило, быстро заживает при соблюдении всех рекомендаций. В первые 3-5 дней необходимо избегать раздражения тканей жесткой пищей, химическими и термическими агентами.\r\n*Пластика уздечки языка у детей.\r\nКоррекция уздечки языка рекомендуется уже в раннем возрасте, когда процедура переносится практически безболезненно и бескровно. До 6 месяцев она даже не требует наложения швов.\r\n*Показания для пластики уздечки языка:\r\n● Затруднение сосания в грудном возрасте;\r\n● Низкая прибавка в весе у новорожденного из-за короткой уздечки;\r\n● Затруднение произношения звуков;\r\n● Замедленный рост челюсти;\r\n● Формирование неправильного прикуса, наклон резцов внутрь;\r\n● Подготовка к протезированию, установке имплантов (профилактика спадания протеза, периимплантита и рецессии десны).\r\nПроцедура проводится под местной анестезией и длится 20-30 минут. В течение 2 часов после операции нельзя принимать пищу, а в первые дни - употреблять раздражающие слизистую продукты. Также рекомендуется соблюдать речевой покой в течение 3-5 дней.\r\nОпытные стоматологи клиники \"Мирастом\" выполнят пластику уздечек верхней губы и языка максимально безболезненно и безопасно для вашего ребенка. Записывайтесь на консультацию прямо сейчас!', '[{\"url\": \"https://i.postimg.cc/B6SFv79y/Screenshot-38.png\", \"public_id\": \"test/Screenshot_15_t8yi0m\"}]', 4, '2024-02-23 09:28:10'),
(56, 'Удаление доброкачественных образований в ротовой полости', 'Новообразования в полости рта довольно распространены в стоматологической практике. Даже небольшие по размеру образования могут приносить пациенту физический и психологический дискомфорт. Некоторые виды новообразований склонны перерождаться в злокачественные формы, поэтому требуют своевременной диагностики.\r\n*Пациенты обращаются при наличии новообразований на слизистой оболочке рта, когда:\r\n● Затруднен или болезнен прием пищи;\r\n● Новообразование заметно окружающим;\r\n● Оно увеличивается в размерах;\r\n● Часто травмируется с появлением крови.\r\nСовременное оснащение клиники \"Мирастом\" позволяет удалять новообразования во рту не только с помощью скальпеля, но и с применением диодного лазера. Лазерное удаление проходит бескровно с минимальным периодом заживления.\r\n*Подготовка к удалению новообразований лазером.\r\nПеред операцией пациент проходит обследование, чтобы исключить осложнения. При крупных разрастаниях тканей или подозрении на злокачественность может потребоваться взятие мазка или биопсия. Необходимо также провести санацию полости рта для устранения очагов инфекции. Удаленные ткани всегда отправляются на гистологический анализ.\r\nКак до, так и после операции рекомендуется исключить из рациона продукты, способные раздражать слизистую - горячие, кислые и т.п.\r\n*Сама операция.\r\nУдаление новообразования проводится под местной анестезией. Лазерные импульсы точечно иссекают патологические ткани, сразу санируя рану и коагулируя капилляры. Это обеспечивает бескровность вмешательства и минимальный период реабилитации. На полное устранение новообразования требуется не более 5 минут.\r\n*Виды доброкачественных новообразований.\r\nНовообразования на губах, языке, деснах и других мягких тканях могут сливаться с окружающими тканями и не вызывать болевых ощущений. В других случаях причиной их появления становится травматизация слизистой - плохо обработанная поверхность зуба, некорректно подогнанный протез или коронка. Важную роль играют также вирусные инфекции.\r\n*Основные виды доброкачественных новообразований:\r\n● Фиброзные (фибромы, подслизистый фиброз);\r\n● Изменения эпителия (лейкоплакия, эритроплакия);\r\n● Гранулемоподобные (гранулемы);\r\n● Гиперплазия слизистой;\r\n● Кистозные образования;\r\n● Сосудистые (гемангиомы);\r\n● Вирусные (папилломы);\r\n*Преимущества лечения в клинике Мирастом:\r\n● Опытные стоматологи-хирурги;\r\n● Возможность малоинвазивного лазерного удаления;\r\n● Проведение всех необходимых анализов в день обращения;\r\n● При необходимости привлечение узких специалистов.\r\nЗаписаться на прием к стоматологу-хирургу по поводу новообразования можно на сайте или по телефону клиники \"Мирастом\".', '[{\"url\": \"https://res.cloudinary.com/dlr2olc8r/image/upload/v1711787969/Screenshot_16_exqgbt.png\", \"public_id\": \"test/Screenshot_16_exqgbt\"}]', 4, '2024-02-23 09:28:10'),
(57, 'Гингивотомия', 'Гингивотомия – операция по рассечению стенки пародонтального кармана для удаления гнойного абсцесса или выполнения открытого кюретажа. Обеспечивает визуальный доступ к зоне воспаления для качественной чистки и обработки лекарственными средствами. Гингивотомия рекомендована при пародонтите средней и тяжелой степени с большим скоплением гнойных выделений в зубодесневом пространстве. Эта манипуляция значительно расширяет возможности кюретажа. \r\nПри гингивотомии разрез тканей выполняют вертикально в зоне проекции корня зуба по направлению от свободного края десны (с отступом или без) до складки перехода к подвижным тканям. Прием актуален при лечении зубодесневых карманов патологической формы (глубоких и узких), а также при локальных периодонтальных и костных абсцессах. \r\nГингивэктомия выполняется преимущественно горизонтальным разрезом, она предназначена для хирургического лечения пародонтита средней тяжести (глубина карманов от 4 мм) с поражением обширной зоны десны. Эта операция позволяет удалять нежизнеспособные излишки слизистых оболочек с ушиванием тканей. Противопоказана при костных абсцессах. \r\n*Показания к проведению гингивотомии. \r\n● Гингивотомию назначают в тяжелых случаях локальных воспалений зубодесневой зоны; \r\n● Очаговый пародонтит средней и тяжелой степени с обильным гноетечением; \r\n● Пародонтальные карманы более 6 мм; \r\n● Глубокие костные карманы; \r\nодиночные абсцессы (особенно с рецидивами). \r\n*Гингивотомия противопоказания.\r\nРазличают общие противопоказания, характерные для всех видов хирургического вмешательства, и частные, актуальные только при хирургических вмешательствах в ротовой полости. \r\n*Общие: \r\n● патологии сердечно-сосудистой системы; \r\n● онкологические заболевания;\r\n● эндокринные нарушения (сахарный диабет);\r\n● ослабленный иммунитет;\r\n● инфекционные поражения;\r\n● церебральные и психоэмоциональные отклонения.  \r\n*Частные: \r\n● патологии прикуса;\r\n● разрушение костной ткани (остеопороз альвеолярного отростка);\r\n● сильная подвижность зубов;\r\n● инфекции ротовой полости и плохая гигиена. \r\n*Список подготовительных мероприятий:\r\n● консультация стоматолога на предмет \r\n  гигиены ротовой полости; \r\n● профессиональная чистка зубов; \r\n● лечение кариеса, замена старых пломб; \r\n● удаление подвижных зубов; \r\n● рентгенография альвеолярных отростков \r\n  челюсти в зоне операции; \r\n● лабораторная диагностика и проведение \r\n  общего обследования для исключения \r\n  противопоказаний (консультации \r\n  аллерголога, иммунолога, кардиолога). \r\n*Со стороны пациента желательны: \r\nотказ от курения, недельный курс витаминов и иммуностимуляторов, тщательная гигиена полости рта.\r\nЕсли вы нервничаете, непосредственно перед операцией рекомендуется принять успокоительное. \r\nВ стандартной ситуации операция длится не более 30 минут. \r\nВнимание! После операции гингивотомии наблюдается ретракция (отслаивание) десны. Это временное явление требует тщательной гигиены полости рта во избежание воспаления в тканях пародонта.\r\n', '[{\"url\": \"https://i.postimg.cc/jSdpxSJQ/Screenshot-11.png\", \"public_id\": \"test/Screenshot_17_ja1bav\"}]', 6, '2024-02-23 09:28:10'),
(58, 'Пластическая операция на прикреплённой десне с помощью свободного мягкотканного трансплантата или местными тканями в области одного зуба или дентального импланта', 'Красивая, ухоженная улыбка - залог успеха и уверенности в себе. \r\n*Но что делать, если десна начинает отступать, оголяя корни зубов или обнажая дентальные импланты? \r\nЭто не только портит внешний вид, но и несет реальную угрозу для стоматологического здоровья.\r\nОголение десны может быть вызвано различными факторами - от генетической предрасположенности до неправильного ухода за полостью рта. Постепенно десна отходит от зубов, обнажая чувствительные корневые поверхности. Это делает их уязвимыми к кариесу, повышенной чувствительности и другим проблемам. Кроме того, отступление десны вокруг имплантов грозит ослаблением их фиксации и даже потерей.\r\nК счастью, существует эффективное решение этой проблемы - пластическая операция на деснах с использованием свободного мягкотканного трансплантата или местных тканей. Данная процедура, проводимая опытными специалистами \"Мирастом\", позволяет не только эстетично восстановить внешний вид десны, но и обеспечить надежную защиту для ваших зубов и имплантов.\r\nВо время хирургического вмешательства врач аккуратно мобилизует и подтягивает десну в проблемной области, после чего подсаживает трансплантат из собственной ткани пациента или использует местные ткани для формирования новой плотно прикрепленной десны. Этот трансплантат со временем приживается, создавая здоровую, розовую десну, которая надежно фиксирует зуб или имплант.\r\nПроцедура занимает около 1-1,5 часов и проводится под местной анестезией. Реабилитационный период длится 2-4 недели, в течение которых рекомендуется соблюдать мягкий рацион питания и тщательный гигиенический уход. Результат - восстановленная эстетика десны, защита ваших зубов и имплантов от дальнейших проблем.\r\nЕсли вы столкнулись с рецессией десны, не стоит медлить. Своевременное обращение в клинику \"Мирастом\" позволит вернуть здоровье и красоту вашей улыбке. Запишитесь на консультацию, и наши опытные стоматологи разработают для вас индивидуальный план лечения. Пусть ваша улыбка сияет во всей красе!', '[{\"url\": \"https://i.postimg.cc/FKnPNv31/Screenshot-31.png\", \"public_id\": \"test/Screenshot_18_dkxq9t\"}]', 6, '2024-02-23 09:28:10'),
(59, 'Основные услуги детской стоматологии', '*Анатомические и физиологические различия.\r\nДетские зубы и челюсти значительно отличаются от взрослых. У детей зубы находятся в стадии роста и развития, что требует индивидуального подхода к лечению и профилактике. Например, молочные зубы (временные зубы) имеют более тонкую эмаль и меньшую прочность, что делает их более уязвимыми к кариесу.\r\n*Психологический аспект.\r\nДети могут испытывать страх и тревогу перед стоматологическими процедурами. Поэтому стоматологи, работающие с детьми, должны обладать навыками общения и умением находить подход к маленьким пациентам. Создание комфортной и дружелюбной атмосферы помогает снизить уровень стресса у детей.\r\n*Основные услуги детской стоматологии.\r\n*Профилактика.\r\nПрофилактические меры играют ключевую роль в детской стоматологии. Регулярные осмотры, гигиенические процедуры и советы по уходу за зубами помогают предотвращать заболевания, такие как кариес и гингивит. Опытные стоматологи нашей клиники лечат молочные и постоянные зубы, а также болезни слизистой оболочки рта у детей любого возраста без боли и страха.\r\n*Лечение кариеса.\r\nКариес — одно из самых распространенных заболеваний у детей. Стоматологи используют различные методы лечения, включая пломбирование, фторирование и герметизацию. Эти процедуры помогают сохранить молочные зубы до их естественной смены.\r\n*Ортодонтия.\r\nДетская стоматология также включает ортодонтию — коррекцию прикуса и выравнивание зубов. Наши ортодонты исправляют патологии прикуса у детей с помощью современных аппаратов, капп и брекетов, изготовляемых индивидуально. Важно, чтобы детский стоматолог вовремя поставил в известность родителей о необходимости исправления неправильного прикуса.\r\n*Удаление зубов.\r\nВ некоторых случаях может потребоваться удаление молочных зубов, особенно если они повреждены или вызывают дискомфорт. Стоматологи применяют анестезию и специальные техники, чтобы минимизировать боль и стресс.\r\n*Лечение воспалительных процессов.\r\nМы оказываем услуги по лечению воспалительных процессов в полости рта, что также важно для поддержания здоровья зубов и десен.\r\n*Важность регулярных осмотров.\r\nРегулярные посещения стоматолога помогают выявлять проблемы на ранних стадиях. Рекомендуется проводить осмотры каждые 6 месяцев, начиная с появления первых зубов. Это позволяет не только следить за состоянием зубов, но и обучать детей правильным гигиеническим привычкам.\r\n*Обучение и информирование.\r\nСтоматологи играют важную роль в обучении детей и их родителей. Они могут давать советы по правильной гигиене полости рта, питанию и профилактике заболеваний. Наши стоматологи научат ребенка правильно ухаживать за зубами и проконсультируют по всему спектру стоматологических услуг для детей.\r\n*Специальные технологии и материалы.\r\nВ детской стоматологии используются безопасные и биосовместимые материалы. Например, композиты и фторсодержащие вещества помогают эффективно лечить кариес, не нанося вреда организму. Современные технологии, такие как лазерная стоматология, также делают процедуры менее инвазивными и более комфортными.\r\nДетская стоматология — это важная и необходимая область медицины, которая обеспечивает здоровье зубов и полости рта у детей. Профессиональные стоматологи, работающие с детьми, помогают не только лечить заболевания, но и формировать у них здоровые привычки на всю жизнь. Привычка с детства посещать стоматолога — залог красоты и здоровья зубов. Регулярные осмотры, профилактика и забота о здоровье зубов — это залог успешного развития и хорошего самочувствия вашего ребенка.', '[{\"url\": \"https://i.postimg.cc/gjCzGqt7/Screenshot-4.png\", \"public_id\": \"test/Screenshot_18_dkxq9t\"}]', 9, '2024-02-23 09:28:10'),
(60, 'Открытый кюретаж пародонтных карманов', 'Эта операция очистки пародонтных карманов в результате разреза мягких тканей десны. \r\n*Показания:\r\n● Глубокие пародонтальные карманы (4-5мм);\r\n● Грануляции (они появляются в результате замещения костной ткани);\r\n● Образование щелей между зубами в результате разрушения межзубных сосочков;\r\n● Атрофия десневого края.\r\nВам следует обратиться на консультацию к нашему врачу-хирургу если есть:\r\n● оголение шейки или корня зуба;\r\n● зуд или боль в области десны;\r\n● наличие кровянистого или гнойного отделяемого из-под десны;\r\n● зубные камни;\r\n● неприятный запах изо рта;\r\n● подвижность зубов.', '[{\"url\": \"https://i.postimg.cc/NjqtQckd/Screenshot-10.png\", \"public_id\": \"test/Screenshot_18_dkxq9t\"}]', 6, '2024-02-23 09:28:10');

-- --------------------------------------------------------

--
-- Структура таблицы `subservice_direction`
--

CREATE TABLE `subservice_direction` (
  `id` int NOT NULL,
  `dirtitle` varchar(255) NOT NULL,
  `dirarticle` text NOT NULL,
  `dirimage` json NOT NULL,
  `subserviceId` int NOT NULL,
  `timestamp` timestamp NULL DEFAULT CURRENT_TIMESTAMP
) ENGINE=InnoDB DEFAULT CHARSET=utf8mb4 COLLATE=utf8mb4_0900_ai_ci;

--
-- Дамп данных таблицы `subservice_direction`
--

INSERT INTO `subservice_direction` (`id`, `dirtitle`, `dirarticle`, `dirimage`, `subserviceId`, `timestamp`) VALUES
(11, 'Композитные виниры', 'Композитные виниры на зубы — бюджетный способ реставрации зубного ряда, изготавливаются из фотокомпозитного пломбировочного материала, который стоматолог слой за слоем наносит непосредственно во рту пациента на предварительно обработанный зуб.', '[{\"url\": \"https://res.cloudinary.com/dlr2olc8r/image/upload/v1697280990/test/yzzx8djsitsn5t4afzys.png\", \"public_id\": \"test/yzzx8djsitsn5t4afzys\"}]', 44, '2024-02-23 09:50:37'),
(12, 'Керамические виниры', 'Виниры из керамики – это микропротезы для восстановления формы зуба и изменения его цвета. Они высокопрочные и дают долгосрочный эстетический эффект. Керамический винир представляет собой накладку, замещающую внешнюю поверхность зуба.', '[{\"url\": \"https://res.cloudinary.com/dlr2olc8r/image/upload/v1697280990/test/yzzx8djsitsn5t4afzys.png\", \"public_id\": \"test/yzzx8djsitsn5t4afzys\"}]', 44, '2024-02-23 09:50:37'),
(13, 'Нейлоновые протезы', 'Нейлоновые зубные протезы представляют собой упругую пластину на которой закрепляются искусственные зубы. Цвет нейлонового протеза максимально приближен к цвету слизистой. Они плотно прилегают к десне. Материал не вызывает аллергических реакций. В таких протезах нет металлических элементов. Поверхность нейлоновых протезов устойчива к налету, что облегчает уход за ними.', '[{\"url\": \"https://i.postimg.cc/ht8ZFWjW/Screenshot-19.png\", \"public_id\": \"test/yzzx8djsitsn5t4afzys\"}]', 48, '2024-02-23 09:50:37'),
(14, 'Частичные и полные съёмные протезы', 'Ищете надёжное решение для восстановления улыбки? В клинике \"Мирастом\" мы предлагаем высококачественные частичные и полные съёмные протезы, которые помогут вам вернуть уверенность и комфорт.\r\n*Что такое съёмные протезы?\r\nЧастичный пластинчатый протез призван заменить отсутствие одного жевательного зуба или небольшое количество недостающих зубов в зубном ряде. Односторонние протезы — съемные секторы — употребляются при отсутствии зубов на одной стороне челюсти. Их часто используют в качестве временных или при косметическом дефекте.\r\nПолные съёмные протезы используются при полном отсутствии зубов. Они изготавливаются из современных материалов, имитирующих натуральные зубы и десны, и обеспечивают восстановление жевательной функции и эстетики.\r\n*Преимущества съёмных протезов в \"Мирастом\":\r\n● Высокое качество материалов: Мы используем только проверенные и безопасные материалы, которые гарантируют долговечность и комфорт.\r\n● Индивидуальный подход: Каждый протез изготавливается с учётом анатомических особенностей пациента, что обеспечивает идеальную посадку и естественный внешний вид.\r\n● Доступные цены: Мы предлагаем конкурентоспособные цены на все виды протезирования, чтобы каждый мог позволить себе качественное лечение.\r\n● Профессионализм и опыт: Наши специалисты имеют многолетний опыт в области протезирования и постоянно совершенствуют свои навыки.\r\n*Почему выбирают нас?\r\n● Современные технологии: Мы используем новейшие технологии и оборудование для изготовления протезов.\r\n● Комфорт и забота: Мы создаём уютную и дружелюбную атмосферу, чтобы каждый визит был максимально комфортным.\r\n● Гарантия качества: Мы уверены в качестве наших услуг и предоставляем гарантию на все виды протезирования.\r\nЗапишитесь на консультацию в клинику \"Мирастом\" и узнайте больше о возможностях съёмного протезирования. Наши специалисты помогут вам выбрать оптимальное решение и ответят на все ваши вопросы.', '[{\"url\": \"https://i.postimg.cc/kg8znYJ9/Screenshot-21.png\", \"public_id\": \"test/yzzx8djsitsn5t4afzys\"}]', 48, '2024-02-23 09:50:37'),
(15, 'Акриловые протезы', 'Съёмные протезы из акриловой пластмассы широко применяются в стоматологии. Такие протезы могут быть полными - когда замещают весь зубной ряд или частичными т.е. замещающими отдельные дефекты зубного ряда. \r\nВ частичном акриловом протезе есть кламеры из металла, которыми он крепится к зубам. Эти протезы не дорогие, достаточно прочные, их также можно использовать при установке на имплантах. \r\n*Преимущества съёмных акриловых протезов в \"Мирастом\":\r\n● Высокое качество материалов: Мы используем только проверенные и безопасные материалы, которые гарантируют долговечность и комфорт.\r\n● Индивидуальный подход: Каждый протез изготавливается с учётом анатомических особенностей пациента, что обеспечивает идеальную посадку и естественный внешний вид.\r\n● Доступные цены: Мы предлагаем конкурентоспособные цены на все виды протезирования, чтобы каждый мог позволить себе качественное лечение.\r\n● Профессионализм и опыт: Наши специалисты имеют многолетний опыт в области протезирования и постоянно совершенствуют свои навыки.\r\n*Почему выбирают нас?\r\n● Современные технологии: Мы используем новейшие технологии и оборудование для изготовления протезов.\r\n● Комфорт и забота: Мы создаём уютную и дружелюбную атмосферу, чтобы каждый визит был максимально комфортным.\r\n● Гарантия качества: Мы уверены в качестве наших услуг и предоставляем гарантию на все виды протезирования.\r\nНе откладывайте заботу о своём здоровье и красоте! Запишитесь на консультацию в клинику \"Мирастом\" и узнайте больше о возможностях съёмного протезирования. Наши специалисты помогут вам выбрать оптимальное решение и ответят на все ваши вопросы.', '[{\"url\": \"https://i.postimg.cc/c1BQNRyj/Screenshot-22.png\", \"public_id\": \"test/yzzx8djsitsn5t4afzys\"}]', 48, '2024-02-23 09:50:37'),
(16, 'Бюгельные протезы', '*Что такое бюгельные протезы?\r\nБюгельные протезы — это современное решение для восстановления утраченных зубов. Они представляют собой съемные протезы, имеющие металлический каркас, который обеспечивает надежную фиксацию и комфортное ношение. Бюгельные протезы подходят для пациентов с частичной утратой зубного ряда и позволяют восстановить функциональность и эстетику улыбки.\r\n*Преимущества бюгельных протезов:\r\n● Комфорт и удобство: Благодаря легкому каркасу бюгельные протезы не вызывают дискомфорта при ношении и не ограничивают движения языка.\r\n● Эстетика: Современные бюгельные протезы выглядят естественно и не выделяются на фоне натуральных зубов.\r\n● Простота ухода: Бюгельные протезы легко снимать и чистить, что облегчает ежедневный уход за полостью рта.\r\n● Долговечность: Используемые материалы обеспечивают высокую прочность и долговечность протезов.\r\n*Почему выбрать стоматологическую клинику \"Мирастом\"?\r\n● Профессионализм: Наша команда состоит из квалифицированных стоматологов с большим опытом работы в области протезирования.\r\n● Индивидуальный подход: Мы учитываем все особенности вашего случая и предлагаем решения, идеально подходящие именно вам.\r\n● Современное оборудование: Используем передовые технологии и материалы, что позволяет достигать высоких результатов.\r\n● Комфортные условия: Мы создаем уютную атмосферу для наших пациентов, чтобы ваш визит был максимально приятным.\r\nЗаписаться на консультацию в стоматологическую клинику \"Мирастом\" можно по телефону или через наш сайт. Мы предложим вам удобное время и ответим на все вопросы, касающиеся бюгельных протезов и других услуг нашей клиники.', '[{\"url\": \"https://i.postimg.cc/sxfF0Y7S/Screenshot-23.png\", \"public_id\": \"test/yzzx8djsitsn5t4afzys\"}]', 48, '2024-02-23 09:50:37'),
(17, 'Одиночные коронки и мостовидные протезы', '*Одиночные коронки: что это такое?\r\nОдиночные коронки — это стоматологические конструкции, которые устанавливаются на поврежденный или сильно разрушенный зуб. Они восстанавливают его форму, функцию и эстетику, обеспечивая надежную защиту и поддержку. Коронки могут быть изготовлены из различных материалов, включая керамику, металл и композитные материалы, что позволяет выбрать оптимальный вариант для каждого пациента.\r\n*Мостовидные протезы - решение для утраченных зубов.\r\nМостовидные протезы — это конструкции, которые используются для восстановления нескольких утраченных зубов подряд. Они состоят из нескольких коронок, соединенных между собой, и фиксируются на соседних здоровых зубах. Мостовидные протезы обеспечивают стабильность, комфорт и естественный внешний вид.\r\n*Преимущества одиночных коронок и мостовидных протезов:\r\n● Устойчивость и долговечность: Коронки и мосты изготовлены из прочных материалов, что обеспечивает их длительное использование.\r\n● Эстетика: Современные технологии позволяют создавать конструкции, которые выглядят как натуральные зубы, что особенно важно для фронтальной зоны.\r\n● Функциональность: Одиночные коронки и мостовидные протезы восстанавливают жевательную функцию, позволяя комфортно питаться.\r\n● Защита зубов: Коронки защищают поврежденные зубы от дальнейшего разрушения, а мосты помогают избежать смещения соседних зубов.\r\n*Почему стоит выбрать клинику \"Мирастом\"?\r\n● Квалифицированные специалисты: Наша команда состоит из опытных стоматологов, которые используют современные методы и материалы для достижения наилучших результатов.\r\n● Индивидуальный подход: Мы разрабатываем персонализированные планы лечения, учитывая особенности каждого пациента.\r\n● Современные технологии: Используем новейшее оборудование и материалы, что гарантирует высокое качество протезирования.\r\n● Комфорт и доступность: Мы создаем приятную атмосферу, делая ваше пребывание в клинике максимально комфортным.\r\nЧтобы записаться на консультацию по установке одиночных коронок или мостовидных протезов, вы можете позвонить нам или заполнить форму на сайте. Мы с удовольствием ответим на ваши вопросы и предложим подходящее время для визита.', '[{\"url\": \"https://i.postimg.cc/L6CqDvLt/Screenshot-25.png\", \"public_id\": \"test/yzzx8djsitsn5t4afzys\"}]', 49, '2024-02-23 09:50:37'),
(18, 'Металлокерамические конструкции', 'Металлокерамические коронки и протезы широко распространены так как они выигрывают в цене по сравнению с диоксидом циркония и керамическими конструкциями. \r\nКаркас металлокерамического протеза изготовлен из металлического сплава, а уже на него наносится слой керамики. \r\nБлагодаря этому конструкция выглядит эстетично, внешне похожа на постоянный зуб. А благодаря металлическому каркасу, такие конструкции прочные и относительно не дорогие.\r\n*Преимущества металлокерамических конструкций:\r\n● Эстетика: Керамический слой металлокерамических коронок и протезов выглядит естественно и гармонично вписывается в зубной ряд. Они имеют высокую степень прозрачности и цветопередачи, что позволяет добиться максимально натурального внешнего вида.\r\n● Прочность: Металлический каркас обеспечивает надежность и долговечность конструкции. Металлокерамические коронки и мосты устойчивы к механическим нагрузкам, что делает их отличным выбором для жевательных зубов.\r\n● Доступность: В сравнении с диоксидом циркония и полностью керамическими конструкциями, металлокерамика является более экономичным вариантом, что делает ее доступной для большинства пациентов.\r\n● Устойчивость к износу: Металлокерамические конструкции обладают высокой стойкостью к повреждениям и износу, что позволяет им служить долгие годы при правильном уходе.\r\n*Почему выбрать стоматологическую клинику \"Мирастом\"?\r\n● Профессиональная команда: В нашей клинике работают опытные стоматологи, которые имеют глубокие знания и навыки в области протезирования. Мы гарантируем высокое качество исполнения всех работ.\r\n● Индивидуальный подход: Мы учитываем особенности каждого пациента и предлагаем оптимальные решения, соответствующие вашим ожиданиям и требованиям.\r\n● Современные технологии: Используем новейшее оборудование и материалы, что позволяет достигать высоких результатов в протезировании.\r\n● Комфортные условия обслуживания: Мы создаем уютную атмосферу, чтобы ваш визит был максимально приятным и без стрессов.\r\nЧтобы получить более подробную информацию о металлокерамических коронках и протезах или записаться на консультацию, свяжитесь с нами по телефону или запишитесь через наш сайт. Мы готовы ответить на все ваши вопросы и предложить удобное время для визита.', '[{\"url\": \"https://i.postimg.cc/BvsGKfbM/Screenshot-26.png\", \"public_id\": \"test/yzzx8djsitsn5t4afzys\"}]', 49, '2024-02-23 09:50:37'),
(19, 'Безметалловые конструкции', 'Безметалловые конструкции - это наиболее эстетичный вариант. Такой протез очень сложно внешне отличить от настоящего зуба.\r\n*Мы предлагаем два вида безметалловых конструкций:\r\n● коронки на основе диоксида циркония;\r\n● коронки из пресскерамики E-max.\r\n*Коронки на основе диоксида циркония.\r\nИх можно ставить на все группы зубов. Они имеют натуральный вид, обладают низкой теплопроводностью, гипоаллергенны. Такие коронки гораздо тоньше металлокерамических коронок, идеально подходят для установки на имплант. К минусам можно отнести высокую стоимость по сравнению с металлокерамическими протезами. Однако их стоимость полностью оправдана высоким качеством.\r\n*Коронки E-max.\r\nОбладают самыми высокими эстетическими свойствами. Под них идет самая минимальная обточка зуба. Из этого материала делают вениры. Такие коронки выглядят естественно благодаря полупрозрачности керамики.\r\n*Почему выбрать стоматологическую клинику Мирастом?\r\n● Квалифицированные специалисты: Наша команда состоит из опытных стоматологов, использующих передовые методы для достижения наилучших результатов.\r\n● Индивидуальный подход: Мы разрабатываем персонализированные планы лечения, учитывая особенности каждого пациента.\r\n● Современные технологии: Мы применяем новейшие материалы и оборудование, обеспечивая высокое качество всех выполненных работ.\r\n● Комфортные условия: Мы создаем уютную атмосферу в клинике для вашего максимального комфорта.\r\nЧтобы узнать больше о безметалловых конструкциях или записаться на консультацию, свяжитесь с нами по телефону или заполните форму на нашем сайте. Мы с радостью ответим на все ваши вопросы и предложим удобное время для визита.', '[{\"url\": \"https://i.postimg.cc/Kj9nnbmL/Screenshot-27.png\", \"public_id\": \"test/yzzx8djsitsn5t4afzys\"}]', 49, '2024-02-23 09:50:37'),
(20, 'Литые', '*Что такое цельнолитые мостовидные протезы?\r\nЦельнолитые мостовидные протезы — это одна из разновидностей несъемной ортопедической конструкции, предназначенной для замещения небольших дефектов зубного ряда. Эти протезы крепятся на опорных зубах, расположенных по обеим сторонам от «прорехи» в зубном ряду, что делает их идеальными для восстановления так называемых включенных дефектов.\r\n*Преимущества цельнолитых мостовидных протезов:\r\n● Надежность: Цельнолитые мосты изготавливаются из прочных материалов, что обеспечивает их долговечность и устойчивость к нагрузкам при жевании.\r\n● Эстетика: Современные технологии позволяют создавать мостовидные протезы, которые выглядят максимально естественно и гармонично. Они могут быть выполнены в цвете, близком к цвету натуральных зубов.\r\n● Функциональность: Такие протезы восстанавливают жевательную функцию и комфорт при приеме пищи, позволяя пациенту вести полноценную жизнь.\r\n● Минимальная обточка зубов: Для установки цельнолитых мостовидных протезов требуется минимальная обточка опорных зубов, что сохраняет их структуру и здоровье.\r\n*Почему выбрать стоматологическую клинику \"Мирастом\"?\r\n● Квалифицированные специалисты: Наша команда состоит из опытных стоматологов, которые используют современные методы и материалы для достижения наилучших результатов.\r\n● Индивидуальный подход: Мы разрабатываем персонализированные планы лечения, учитывая особенности каждого пациента, что позволяет достичь оптимальных результатов.\r\n● Современные технологии: Мы применяем новейшее оборудование и высококачественные материалы, что обеспечивает высокое качество всех выполненных работ.\r\n● Комфортные условия: В нашей клинике создана уютная атмосфера, чтобы ваше пребывание было максимально приятным и комфортным.\r\nЧтобы узнать больше о цельнолитых мостовидных протезах или записаться на консультацию, вы можете позвонить нам или заполнить форму на нашем сайте. Мы с радостью ответим на все ваши вопросы и предложим удобное время для визита.', '[{\"url\": \"https://i.postimg.cc/5NBmPhph/Screenshot-28.png\", \"public_id\": \"test/yzzx8djsitsn5t4afzys\"}]', 49, '2024-02-23 09:50:37');

-- --------------------------------------------------------

--
-- Структура таблицы `users`
--

CREATE TABLE `users` (
  `id` int NOT NULL,
  `name` varchar(255) NOT NULL,
  `email` varchar(255) NOT NULL,
  `password` varchar(255) NOT NULL,
  `avatar` json DEFAULT NULL,
  `role` varchar(255) DEFAULT 'user',
  `root` tinyint(1) DEFAULT '0',
  `timestamp` timestamp NULL DEFAULT CURRENT_TIMESTAMP
) ENGINE=InnoDB DEFAULT CHARSET=utf8mb4 COLLATE=utf8mb4_0900_ai_ci;

--
-- Дамп данных таблицы `users`
--

INSERT INTO `users` (`id`, `name`, `email`, `password`, `avatar`, `role`, `root`, `timestamp`) VALUES
(1, 'Petr', 'kupet1978@mail.ru', '$2b$12$eN.NKGHELlp2SfazjfBDbeVp8kYHm3bVOqDJx.L.PREGn1039km1K', '{\"url\": \"https://res.cloudinary.com/dlr2olc8r/image/upload/v1699967322/test/qlxdyia5qniojyrs9dlq.jpg\", \"public_id\": \"test/qlxdyia5qniojyrs9dlq\"}', 'admin', 1, '2023-12-13 06:30:10'),
(2, 'Василий', 'vasya@mail.ru', '$2b$12$F9CUxoxJiqrZWkCjO2CxLuVd6f3ax3lG7aVFSYY11Wrzcwuj6HE9W', '[{\"url\": \"https://res.cloudinary.com/dlr2olc8r/image/upload/v1699090090/test/user_default_x6y6up.png\", \"public_id\": \"user_default_x6y6up\"}]', 'user', 0, '2023-12-13 06:31:50'),
(3, 'Петр', 'email@yahoo.com', '$2b$12$F0Bw0yFe689znE.jqVsbO.lYDS6bURSWgID3BaG05NTlVQp9CAMTi', '{\"url\": \"https://res.cloudinary.com/dlr2olc8r/image/upload/v1699090090/test/user_default_x6y6up.png\", \"public_id\": \"user_default_x6y6up\"}', 'user', 0, '2024-04-04 23:22:03');

-- --------------------------------------------------------

--
-- Структура таблицы `widgets`
--

CREATE TABLE `widgets` (
  `id` int NOT NULL,
  `type` varchar(255) NOT NULL,
  `title` varchar(255) NOT NULL,
  `widgetURL` varchar(255) NOT NULL
) ENGINE=InnoDB DEFAULT CHARSET=utf8mb4 COLLATE=utf8mb4_0900_ai_ci;

--
-- Дамп данных таблицы `widgets`
--

INSERT INTO `widgets` (`id`, `type`, `title`, `widgetURL`) VALUES
(1, 'insurance', 'Страховая компания \"Белнефтестрах\"', 'https://i.postimg.cc/d3HQksyc/belneftestrah.png'),
(2, 'insurance', 'Страховая компания \"Кентавр\"', 'https://i.postimg.cc/tT6FNczc/kentavr.png'),
(3, 'insurance', 'Страховая компания \"Промтрансинвест\"', 'https://i.postimg.cc/P5Gs6vhF/promtransinvest.png'),
(4, 'certificate', 'Сертификат \"Участия в семинаре\"', 'https://i.postimg.cc/LXftvyWY/Screenshot-2.png'),
(5, 'certificate', 'Сертификат \"Участия в семинаре\"', 'https://i.postimg.cc/LXftvyWY/Screenshot-2.png'),
(6, 'certificate', 'Сертификат \"Участия в семинаре\"', 'https://i.postimg.cc/LXftvyWY/Screenshot-2.png'),
(7, 'deposite', 'Карта рассрочки \"Халва\"', 'https://i.postimg.cc/Kz38Xw7f/Screenshot-4.png'),
(8, 'deposite', 'Карта покупок от \"Белгазпромбанк\"', 'https://i.postimg.cc/N0r3QcVK/Screenshot-6.png'),
(9, 'deposite', 'Карта рассрочки \"FUN от БПС-Сбербанк\"', 'https://i.postimg.cc/HkLHDFdM/Screenshot-5.png');

--
-- Индексы сохранённых таблиц
--

--
-- Индексы таблицы `actions`
--
ALTER TABLE `actions`
  ADD PRIMARY KEY (`id`);

--
-- Индексы таблицы `articles`
--
ALTER TABLE `articles`
  ADD PRIMARY KEY (`id`);

--
-- Индексы таблицы `doctors`
--
ALTER TABLE `doctors`
  ADD PRIMARY KEY (`id`);

--
-- Индексы таблицы `prices`
--
ALTER TABLE `prices`
  ADD PRIMARY KEY (`id`),
  ADD KEY `serviceId` (`serviceId`);

--
-- Индексы таблицы `reviews`
--
ALTER TABLE `reviews`
  ADD PRIMARY KEY (`id`);

--
-- Индексы таблицы `services`
--
ALTER TABLE `services`
  ADD PRIMARY KEY (`id`);

--
-- Индексы таблицы `subservices`
--
ALTER TABLE `subservices`
  ADD PRIMARY KEY (`id`),
  ADD KEY `serviceId` (`serviceId`);

--
-- Индексы таблицы `subservice_direction`
--
ALTER TABLE `subservice_direction`
  ADD PRIMARY KEY (`id`),
  ADD KEY `subserviceId` (`subserviceId`);

--
-- Индексы таблицы `users`
--
ALTER TABLE `users`
  ADD PRIMARY KEY (`id`),
  ADD UNIQUE KEY `email` (`email`);

--
-- Индексы таблицы `widgets`
--
ALTER TABLE `widgets`
  ADD PRIMARY KEY (`id`);

--
-- AUTO_INCREMENT для сохранённых таблиц
--

--
-- AUTO_INCREMENT для таблицы `actions`
--
ALTER TABLE `actions`
  MODIFY `id` int NOT NULL AUTO_INCREMENT, AUTO_INCREMENT=7;

--
-- AUTO_INCREMENT для таблицы `articles`
--
ALTER TABLE `articles`
  MODIFY `id` int NOT NULL AUTO_INCREMENT, AUTO_INCREMENT=11;

--
-- AUTO_INCREMENT для таблицы `doctors`
--
ALTER TABLE `doctors`
  MODIFY `id` int NOT NULL AUTO_INCREMENT, AUTO_INCREMENT=5;

--
-- AUTO_INCREMENT для таблицы `prices`
--
ALTER TABLE `prices`
  MODIFY `id` int NOT NULL AUTO_INCREMENT, AUTO_INCREMENT=4;

--
-- AUTO_INCREMENT для таблицы `reviews`
--
ALTER TABLE `reviews`
  MODIFY `id` int NOT NULL AUTO_INCREMENT, AUTO_INCREMENT=15;

--
-- AUTO_INCREMENT для таблицы `services`
--
ALTER TABLE `services`
  MODIFY `id` int NOT NULL AUTO_INCREMENT, AUTO_INCREMENT=10;

--
-- AUTO_INCREMENT для таблицы `subservices`
--
ALTER TABLE `subservices`
  MODIFY `id` int NOT NULL AUTO_INCREMENT, AUTO_INCREMENT=61;

--
-- AUTO_INCREMENT для таблицы `subservice_direction`
--
ALTER TABLE `subservice_direction`
  MODIFY `id` int NOT NULL AUTO_INCREMENT, AUTO_INCREMENT=21;

--
-- AUTO_INCREMENT для таблицы `users`
--
ALTER TABLE `users`
  MODIFY `id` int NOT NULL AUTO_INCREMENT, AUTO_INCREMENT=4;

--
-- AUTO_INCREMENT для таблицы `widgets`
--
ALTER TABLE `widgets`
  MODIFY `id` int NOT NULL AUTO_INCREMENT, AUTO_INCREMENT=10;

--
-- Ограничения внешнего ключа сохраненных таблиц
--

--
-- Ограничения внешнего ключа таблицы `prices`
--
ALTER TABLE `prices`
  ADD CONSTRAINT `prices_ibfk_1` FOREIGN KEY (`serviceId`) REFERENCES `services` (`id`) ON DELETE CASCADE;

--
-- Ограничения внешнего ключа таблицы `subservices`
--
ALTER TABLE `subservices`
  ADD CONSTRAINT `subservices_ibfk_1` FOREIGN KEY (`serviceId`) REFERENCES `services` (`id`) ON DELETE CASCADE;

--
-- Ограничения внешнего ключа таблицы `subservice_direction`
--
ALTER TABLE `subservice_direction`
  ADD CONSTRAINT `subservice_direction_ibfk_1` FOREIGN KEY (`subserviceId`) REFERENCES `subservices` (`id`) ON DELETE CASCADE;
COMMIT;

/*!40101 SET CHARACTER_SET_CLIENT=@OLD_CHARACTER_SET_CLIENT */;
/*!40101 SET CHARACTER_SET_RESULTS=@OLD_CHARACTER_SET_RESULTS */;
/*!40101 SET COLLATION_CONNECTION=@OLD_COLLATION_CONNECTION */;
